velocity,angle,min_spin
0.0,0,1
0.0,1,1
0.0,2,1
0.0,3,1
0.0,4,1
0.0,5,1
0.0,6,1
0.0,7,1
0.0,8,1
0.0,9,1
0.0,10,1
0.0,11,1
0.0,12,1
0.0,13,1
0.0,14,1
0.0,15,1
0.0,16,1
0.0,17,1
0.0,18,1
0.0,19,1
0.0,20,1
0.0,21,1
0.0,22,1
0.0,23,1
0.0,24,1
0.0,25,1
0.0,26,1
0.0,27,1
0.0,28,1
0.0,29,1
0.0,30,1
0.0,31,1
0.0,32,1
0.0,33,1
0.0,34,1
0.0,35,1
0.0,36,1
0.0,37,1
0.0,38,1
0.0,39,1
0.0,40,1
0.0,41,1
0.0,42,1
0.0,43,1
0.0,44,1
0.0,45,1
0.0,46,1
0.0,47,1
0.0,48,1
0.0,49,1
0.0,50,1
0.0,51,1
0.0,52,1
0.0,53,1
0.0,54,1
0.0,55,1
0.0,56,1
0.0,57,1
0.0,58,1
0.0,59,1
0.0,60,1
0.0,61,1
0.0,62,1
0.0,63,1
0.0,64,1
0.0,65,1
0.0,66,1
0.0,67,1
0.0,68,1
0.0,69,1
0.0,70,1
0.0,71,1
0.0,72,1
0.0,73,1
0.0,74,1
0.0,75,1
0.0,76,1
0.0,77,1
0.0,78,1
0.0,79,1
0.0,80,1
0.0,81,1
0.0,82,1
0.0,83,1
0.0,84,1
0.0,85,1
0.0,86,1
0.0,87,1
0.0,88,1
0.0,89,1
0.1,0,10
0.1,1,10
0.1,2,10
0.1,3,10
0.1,4,10
0.1,5,10
0.1,6,10
0.1,7,10
0.1,8,10
0.1,9,10
0.1,10,10
0.1,11,10
0.1,12,10
0.1,13,10
0.1,14,10
0.1,15,10
0.1,16,10
0.1,17,10
0.1,18,10
0.1,19,10
0.1,20,10
0.1,21,10
0.1,22,10
0.1,23,10
0.1,24,10
0.1,25,10
0.1,26,9
0.1,27,9
0.1,28,9
0.1,29,9
0.1,30,9
0.1,31,9
0.1,32,9
0.1,33,9
0.1,34,9
0.1,35,9
0.1,36,9
0.1,37,8
0.1,38,8
0.1,39,8
0.1,40,8
0.1,41,8
0.1,42,8
0.1,43,8
0.1,44,8
0.1,45,8
0.1,46,7
0.1,47,7
0.1,48,7
0.1,49,7
0.1,50,7
0.1,51,7
0.1,52,7
0.1,53,7
0.1,54,6
0.1,55,6
0.1,56,6
0.1,57,6
0.1,58,6
0.1,59,6
0.1,60,6
0.1,61,5
0.1,62,5
0.1,63,5
0.1,64,5
0.1,65,5
0.1,66,5
0.1,67,4
0.1,68,4
0.1,69,4
0.1,70,4
0.1,71,4
0.1,72,4
0.1,73,3
0.1,74,3
0.1,75,3
0.1,76,3
0.1,77,3
0.1,78,3
0.1,79,2
0.1,80,2
0.1,81,2
0.1,82,2
0.1,83,2
0.1,84,2
0.1,85,1
0.1,86,1
0.1,87,1
0.1,88,1
0.1,89,1
0.2,0,20
0.2,1,20
0.2,2,20
0.2,3,20
0.2,4,20
0.2,5,20
0.2,6,20
0.2,7,20
0.2,8,20
0.2,9,20
0.2,10,20
0.2,11,20
0.2,12,20
0.2,13,20
0.2,14,20
0.2,15,20
0.2,16,20
0.2,17,20
0.2,18,20
0.2,19,19
0.2,20,19
0.2,21,19
0.2,22,19
0.2,23,19
0.2,24,19
0.2,25,19
0.2,26,18
0.2,27,18
0.2,28,18
0.2,29,18
0.2,30,18
0.2,31,18
0.2,32,17
0.2,33,17
0.2,34,17
0.2,35,17
0.2,36,17
0.2,37,16
0.2,38,16
0.2,39,16
0.2,40,16
0.2,41,16
0.2,42,15
0.2,43,15
0.2,44,15
0.2,45,15
0.2,46,14
0.2,47,14
0.2,48,14
0.2,49,14
0.2,50,13
0.2,51,13
0.2,52,13
0.2,53,13
0.2,54,12
0.2,55,12
0.2,56,12
0.2,57,11
0.2,58,11
0.2,59,11
0.2,60,11
0.2,61,10
0.2,62,10
0.2,63,10
0.2,64,9
0.2,65,9
0.2,66,9
0.2,67,8
0.2,68,8
0.2,69,8
0.2,70,7
0.2,71,7
0.2,72,7
0.2,73,6
0.2,74,6
0.2,75,6
0.2,76,5
0.2,77,5
0.2,78,5
0.2,79,4
0.2,80,4
0.2,81,4
0.2,82,3
0.2,83,3
0.2,84,3
0.2,85,2
0.2,86,2
0.2,87,2
0.2,88,1
0.2,89,1
0.30000000000000004,0,31
0.30000000000000004,1,30
0.30000000000000004,2,30
0.30000000000000004,3,30
0.30000000000000004,4,30
0.30000000000000004,5,30
0.30000000000000004,6,30
0.30000000000000004,7,30
0.30000000000000004,8,30
0.30000000000000004,9,30
0.30000000000000004,10,30
0.30000000000000004,11,30
0.30000000000000004,12,30
0.30000000000000004,13,30
0.30000000000000004,14,30
0.30000000000000004,15,29
0.30000000000000004,16,29
0.30000000000000004,17,29
0.30000000000000004,18,29
0.30000000000000004,19,29
0.30000000000000004,20,29
0.30000000000000004,21,29
0.30000000000000004,22,28
0.30000000000000004,23,28
0.30000000000000004,24,28
0.30000000000000004,25,28
0.30000000000000004,26,27
0.30000000000000004,27,27
0.30000000000000004,28,27
0.30000000000000004,29,27
0.30000000000000004,30,26
0.30000000000000004,31,26
0.30000000000000004,32,26
0.30000000000000004,33,26
0.30000000000000004,34,25
0.30000000000000004,35,25
0.30000000000000004,36,25
0.30000000000000004,37,24
0.30000000000000004,38,24
0.30000000000000004,39,24
0.30000000000000004,40,23
0.30000000000000004,41,23
0.30000000000000004,42,23
0.30000000000000004,43,22
0.30000000000000004,44,22
0.30000000000000004,45,22
0.30000000000000004,46,21
0.30000000000000004,47,21
0.30000000000000004,48,21
0.30000000000000004,49,20
0.30000000000000004,50,20
0.30000000000000004,51,19
0.30000000000000004,52,19
0.30000000000000004,53,19
0.30000000000000004,54,18
0.30000000000000004,55,18
0.30000000000000004,56,17
0.30000000000000004,57,17
0.30000000000000004,58,16
0.30000000000000004,59,16
0.30000000000000004,60,16
0.30000000000000004,61,15
0.30000000000000004,62,15
0.30000000000000004,63,14
0.30000000000000004,64,14
0.30000000000000004,65,13
0.30000000000000004,66,13
0.30000000000000004,67,12
0.30000000000000004,68,12
0.30000000000000004,69,11
0.30000000000000004,70,11
0.30000000000000004,71,10
0.30000000000000004,72,10
0.30000000000000004,73,9
0.30000000000000004,74,9
0.30000000000000004,75,8
0.30000000000000004,76,8
0.30000000000000004,77,7
0.30000000000000004,78,7
0.30000000000000004,79,6
0.30000000000000004,80,6
0.30000000000000004,81,5
0.30000000000000004,82,5
0.30000000000000004,83,4
0.30000000000000004,84,4
0.30000000000000004,85,3
0.30000000000000004,86,3
0.30000000000000004,87,2
0.30000000000000004,88,2
0.30000000000000004,89,1
0.4,0,40
0.4,1,40
0.4,2,40
0.4,3,40
0.4,4,40
0.4,5,40
0.4,6,40
0.4,7,40
0.4,8,40
0.4,9,40
0.4,10,40
0.4,11,40
0.4,12,40
0.4,13,39
0.4,14,39
0.4,15,39
0.4,16,39
0.4,17,39
0.4,18,39
0.4,19,38
0.4,20,38
0.4,21,38
0.4,22,38
0.4,23,37
0.4,24,37
0.4,25,37
0.4,26,36
0.4,27,36
0.4,28,36
0.4,29,35
0.4,30,35
0.4,31,35
0.4,32,34
0.4,33,34
0.4,34,34
0.4,35,33
0.4,36,33
0.4,37,32
0.4,38,32
0.4,39,32
0.4,40,31
0.4,41,31
0.4,42,30
0.4,43,30
0.4,44,29
0.4,45,29
0.4,46,28
0.4,47,28
0.4,48,27
0.4,49,27
0.4,50,26
0.4,51,26
0.4,52,25
0.4,53,25
0.4,54,24
0.4,55,23
0.4,56,23
0.4,57,22
0.4,58,22
0.4,59,21
0.4,60,21
0.4,61,20
0.4,62,19
0.4,63,19
0.4,64,18
0.4,65,17
0.4,66,17
0.4,67,16
0.4,68,15
0.4,69,15
0.4,70,14
0.4,71,14
0.4,72,13
0.4,73,12
0.4,74,12
0.4,75,11
0.4,76,10
0.4,77,9
0.4,78,9
0.4,79,8
0.4,80,7
0.4,81,7
0.4,82,6
0.4,83,5
0.4,84,5
0.4,85,4
0.4,86,3
0.4,87,3
0.4,88,2
0.4,89,1
0.5,0,50
0.5,1,50
0.5,2,50
0.5,3,50
0.5,4,50
0.5,5,50
0.5,6,50
0.5,7,50
0.5,8,50
0.5,9,50
0.5,10,50
0.5,11,50
0.5,12,49
0.5,13,49
0.5,14,49
0.5,15,49
0.5,16,49
0.5,17,48
0.5,18,48
0.5,19,48
0.5,20,47
0.5,21,47
0.5,22,47
0.5,23,47
0.5,24,46
0.5,25,46
0.5,26,45
0.5,27,45
0.5,28,45
0.5,29,44
0.5,30,44
0.5,31,43
0.5,32,43
0.5,33,42
0.5,34,42
0.5,35,41
0.5,36,41
0.5,37,40
0.5,38,40
0.5,39,39
0.5,40,39
0.5,41,38
0.5,42,38
0.5,43,37
0.5,44,36
0.5,45,36
0.5,46,35
0.5,47,35
0.5,48,34
0.5,49,33
0.5,50,33
0.5,51,32
0.5,52,31
0.5,53,31
0.5,54,30
0.5,55,29
0.5,56,28
0.5,57,28
0.5,58,27
0.5,59,26
0.5,60,26
0.5,61,25
0.5,62,24
0.5,63,23
0.5,64,22
0.5,65,22
0.5,66,21
0.5,67,20
0.5,68,19
0.5,69,18
0.5,70,18
0.5,71,17
0.5,72,16
0.5,73,15
0.5,74,14
0.5,75,13
0.5,76,13
0.5,77,12
0.5,78,11
0.5,79,10
0.5,80,9
0.5,81,8
0.5,82,7
0.5,83,7
0.5,84,6
0.5,85,5
0.5,86,4
0.5,87,3
0.5,88,2
0.5,89,1
0.6000000000000001,0,61
0.6000000000000001,1,60
0.6000000000000001,2,60
0.6000000000000001,3,60
0.6000000000000001,4,60
0.6000000000000001,5,60
0.6000000000000001,6,60
0.6000000000000001,7,60
0.6000000000000001,8,60
0.6000000000000001,9,60
0.6000000000000001,10,60
0.6000000000000001,11,59
0.6000000000000001,12,59
0.6000000000000001,13,59
0.6000000000000001,14,59
0.6000000000000001,15,58
0.6000000000000001,16,58
0.6000000000000001,17,58
0.6000000000000001,18,58
0.6000000000000001,19,57
0.6000000000000001,20,57
0.6000000000000001,21,57
0.6000000000000001,22,56
0.6000000000000001,23,56
0.6000000000000001,24,55
0.6000000000000001,25,55
0.6000000000000001,26,54
0.6000000000000001,27,54
0.6000000000000001,28,53
0.6000000000000001,29,53
0.6000000000000001,30,52
0.6000000000000001,31,52
0.6000000000000001,32,51
0.6000000000000001,33,51
0.6000000000000001,34,50
0.6000000000000001,35,50
0.6000000000000001,36,49
0.6000000000000001,37,48
0.6000000000000001,38,48
0.6000000000000001,39,47
0.6000000000000001,40,46
0.6000000000000001,41,46
0.6000000000000001,42,45
0.6000000000000001,43,44
0.6000000000000001,44,44
0.6000000000000001,45,43
0.6000000000000001,46,42
0.6000000000000001,47,41
0.6000000000000001,48,41
0.6000000000000001,49,40
0.6000000000000001,50,39
0.6000000000000001,51,38
0.6000000000000001,52,37
0.6000000000000001,53,37
0.6000000000000001,54,36
0.6000000000000001,55,35
0.6000000000000001,56,34
0.6000000000000001,57,33
0.6000000000000001,58,32
0.6000000000000001,59,31
0.6000000000000001,60,31
0.6000000000000001,61,30
0.6000000000000001,62,29
0.6000000000000001,63,28
0.6000000000000001,64,27
0.6000000000000001,65,26
0.6000000000000001,66,25
0.6000000000000001,67,24
0.6000000000000001,68,23
0.6000000000000001,69,22
0.6000000000000001,70,21
0.6000000000000001,71,20
0.6000000000000001,72,19
0.6000000000000001,73,18
0.6000000000000001,74,17
0.6000000000000001,75,16
0.6000000000000001,76,15
0.6000000000000001,77,14
0.6000000000000001,78,13
0.6000000000000001,79,12
0.6000000000000001,80,11
0.6000000000000001,81,10
0.6000000000000001,82,9
0.6000000000000001,83,8
0.6000000000000001,84,7
0.6000000000000001,85,6
0.6000000000000001,86,5
0.6000000000000001,87,4
0.6000000000000001,88,3
0.6000000000000001,89,2
0.7000000000000001,0,71
0.7000000000000001,1,70
0.7000000000000001,2,70
0.7000000000000001,3,70
0.7000000000000001,4,70
0.7000000000000001,5,70
0.7000000000000001,6,70
0.7000000000000001,7,70
0.7000000000000001,8,70
0.7000000000000001,9,70
0.7000000000000001,10,69
0.7000000000000001,11,69
0.7000000000000001,12,69
0.7000000000000001,13,69
0.7000000000000001,14,68
0.7000000000000001,15,68
0.7000000000000001,16,68
0.7000000000000001,17,67
0.7000000000000001,18,67
0.7000000000000001,19,67
0.7000000000000001,20,66
0.7000000000000001,21,66
0.7000000000000001,22,65
0.7000000000000001,23,65
0.7000000000000001,24,64
0.7000000000000001,25,64
0.7000000000000001,26,63
0.7000000000000001,27,63
0.7000000000000001,28,62
0.7000000000000001,29,62
0.7000000000000001,30,61
0.7000000000000001,31,61
0.7000000000000001,32,60
0.7000000000000001,33,59
0.7000000000000001,34,59
0.7000000000000001,35,58
0.7000000000000001,36,57
0.7000000000000001,37,56
0.7000000000000001,38,56
0.7000000000000001,39,55
0.7000000000000001,40,54
0.7000000000000001,41,53
0.7000000000000001,42,53
0.7000000000000001,43,52
0.7000000000000001,44,51
0.7000000000000001,45,50
0.7000000000000001,46,49
0.7000000000000001,47,48
0.7000000000000001,48,47
0.7000000000000001,49,46
0.7000000000000001,50,45
0.7000000000000001,51,45
0.7000000000000001,52,44
0.7000000000000001,53,43
0.7000000000000001,54,42
0.7000000000000001,55,41
0.7000000000000001,56,40
0.7000000000000001,57,39
0.7000000000000001,58,38
0.7000000000000001,59,37
0.7000000000000001,60,36
0.7000000000000001,61,34
0.7000000000000001,62,33
0.7000000000000001,63,32
0.7000000000000001,64,31
0.7000000000000001,65,30
0.7000000000000001,66,29
0.7000000000000001,67,28
0.7000000000000001,68,27
0.7000000000000001,69,26
0.7000000000000001,70,24
0.7000000000000001,71,23
0.7000000000000001,72,22
0.7000000000000001,73,21
0.7000000000000001,74,20
0.7000000000000001,75,19
0.7000000000000001,76,17
0.7000000000000001,77,16
0.7000000000000001,78,15
0.7000000000000001,79,14
0.7000000000000001,80,13
0.7000000000000001,81,11
0.7000000000000001,82,10
0.7000000000000001,83,9
0.7000000000000001,84,8
0.7000000000000001,85,7
0.7000000000000001,86,5
0.7000000000000001,87,4
0.7000000000000001,88,3
0.7000000000000001,89,2
0.8,0,80
0.8,1,80
0.8,2,80
0.8,3,80
0.8,4,80
0.8,5,80
0.8,6,80
0.8,7,80
0.8,8,80
0.8,9,80
0.8,10,79
0.8,11,79
0.8,12,79
0.8,13,78
0.8,14,78
0.8,15,78
0.8,16,77
0.8,17,77
0.8,18,77
0.8,19,76
0.8,20,76
0.8,21,75
0.8,22,75
0.8,23,74
0.8,24,74
0.8,25,73
0.8,26,72
0.8,27,72
0.8,28,71
0.8,29,70
0.8,30,70
0.8,31,69
0.8,32,68
0.8,33,68
0.8,34,67
0.8,35,66
0.8,36,65
0.8,37,64
0.8,38,64
0.8,39,63
0.8,40,62
0.8,41,61
0.8,42,60
0.8,43,59
0.8,44,58
0.8,45,57
0.8,46,56
0.8,47,55
0.8,48,54
0.8,49,53
0.8,50,52
0.8,51,51
0.8,52,50
0.8,53,49
0.8,54,48
0.8,55,46
0.8,56,45
0.8,57,44
0.8,58,43
0.8,59,42
0.8,60,41
0.8,61,39
0.8,62,38
0.8,63,37
0.8,64,36
0.8,65,34
0.8,66,33
0.8,67,32
0.8,68,30
0.8,69,29
0.8,70,28
0.8,71,27
0.8,72,25
0.8,73,24
0.8,74,23
0.8,75,21
0.8,76,20
0.8,77,18
0.8,78,17
0.8,79,16
0.8,80,14
0.8,81,13
0.8,82,12
0.8,83,10
0.8,84,9
0.8,85,7
0.8,86,6
0.8,87,5
0.8,88,3
0.8,89,2
0.9,0,90
0.9,1,90
0.9,2,90
0.9,3,90
0.9,4,90
0.9,5,90
0.9,6,90
0.9,7,90
0.9,8,90
0.9,9,89
0.9,10,89
0.9,11,89
0.9,12,89
0.9,13,88
0.9,14,88
0.9,15,87
0.9,16,87
0.9,17,87
0.9,18,86
0.9,19,86
0.9,20,85
0.9,21,85
0.9,22,84
0.9,23,83
0.9,24,83
0.9,25,82
0.9,26,81
0.9,27,81
0.9,28,80
0.9,29,79
0.9,30,78
0.9,31,78
0.9,32,77
0.9,33,76
0.9,34,75
0.9,35,74
0.9,36,73
0.9,37,72
0.9,38,71
0.9,39,70
0.9,40,69
0.9,41,68
0.9,42,67
0.9,43,66
0.9,44,65
0.9,45,64
0.9,46,63
0.9,47,62
0.9,48,61
0.9,49,60
0.9,50,58
0.9,51,57
0.9,52,56
0.9,53,55
0.9,54,53
0.9,55,52
0.9,56,51
0.9,57,50
0.9,58,48
0.9,59,47
0.9,60,46
0.9,61,44
0.9,62,43
0.9,63,41
0.9,64,40
0.9,65,39
0.9,66,37
0.9,67,36
0.9,68,34
0.9,69,33
0.9,70,31
0.9,71,30
0.9,72,28
0.9,73,27
0.9,74,25
0.9,75,24
0.9,76,22
0.9,77,21
0.9,78,19
0.9,79,18
0.9,80,16
0.9,81,15
0.9,82,13
0.9,83,11
0.9,84,10
0.9,85,8
0.9,86,7
0.9,87,5
0.9,88,4
0.9,89,2
1.0,0,100
1.0,1,100
1.0,2,100
1.0,3,100
1.0,4,100
1.0,5,100
1.0,6,100
1.0,7,100
1.0,8,100
1.0,9,99
1.0,10,99
1.0,11,99
1.0,12,98
1.0,13,98
1.0,14,98
1.0,15,97
1.0,16,97
1.0,17,96
1.0,18,96
1.0,19,95
1.0,20,94
1.0,21,94
1.0,22,93
1.0,23,93
1.0,24,92
1.0,25,91
1.0,26,90
1.0,27,90
1.0,28,89
1.0,29,88
1.0,30,87
1.0,31,86
1.0,32,85
1.0,33,84
1.0,34,83
1.0,35,82
1.0,36,81
1.0,37,80
1.0,38,79
1.0,39,78
1.0,40,77
1.0,41,76
1.0,42,75
1.0,43,74
1.0,44,72
1.0,45,71
1.0,46,70
1.0,47,69
1.0,48,67
1.0,49,66
1.0,50,65
1.0,51,63
1.0,52,62
1.0,53,61
1.0,54,59
1.0,55,58
1.0,56,56
1.0,57,55
1.0,58,53
1.0,59,52
1.0,60,51
1.0,61,49
1.0,62,47
1.0,63,46
1.0,64,44
1.0,65,43
1.0,66,41
1.0,67,40
1.0,68,38
1.0,69,36
1.0,70,35
1.0,71,33
1.0,72,31
1.0,73,30
1.0,74,28
1.0,75,26
1.0,76,25
1.0,77,23
1.0,78,21
1.0,79,20
1.0,80,18
1.0,81,16
1.0,82,14
1.0,83,13
1.0,84,11
1.0,85,9
1.0,86,7
1.0,87,6
1.0,88,4
1.0,89,2
1.1,0,110
1.1,1,110
1.1,2,110
1.1,3,110
1.1,4,110
1.1,5,110
1.1,6,110
1.1,7,110
1.1,8,109
1.1,9,109
1.1,10,109
1.1,11,108
1.1,12,108
1.1,13,108
1.1,14,107
1.1,15,107
1.1,16,106
1.1,17,106
1.1,18,105
1.1,19,105
1.1,20,104
1.1,21,103
1.1,22,102
1.1,23,102
1.1,24,101
1.1,25,100
1.1,26,99
1.1,27,99
1.1,28,98
1.1,29,97
1.1,30,96
1.1,31,95
1.1,32,94
1.1,33,93
1.1,34,92
1.1,35,91
1.1,36,89
1.1,37,88
1.1,38,87
1.1,39,86
1.1,40,85
1.1,41,84
1.1,42,82
1.1,43,81
1.1,44,80
1.1,45,78
1.1,46,77
1.1,47,76
1.1,48,74
1.1,49,73
1.1,50,71
1.1,51,70
1.1,52,68
1.1,53,67
1.1,54,65
1.1,55,64
1.1,56,62
1.1,57,60
1.1,58,59
1.1,59,57
1.1,60,56
1.1,61,54
1.1,62,52
1.1,63,50
1.1,64,49
1.1,65,47
1.1,66,45
1.1,67,43
1.1,68,42
1.1,69,40
1.1,70,38
1.1,71,36
1.1,72,34
1.1,73,33
1.1,74,31
1.1,75,29
1.1,76,27
1.1,77,25
1.1,78,23
1.1,79,21
1.1,80,20
1.1,81,18
1.1,82,16
1.1,83,14
1.1,84,12
1.1,85,10
1.1,86,8
1.1,87,6
1.1,88,4
1.1,89,2
1.2000000000000002,0,121
1.2000000000000002,1,120
1.2000000000000002,2,120
1.2000000000000002,3,120
1.2000000000000002,4,120
1.2000000000000002,5,120
1.2000000000000002,6,120
1.2000000000000002,7,120
1.2000000000000002,8,119
1.2000000000000002,9,119
1.2000000000000002,10,119
1.2000000000000002,11,118
1.2000000000000002,12,118
1.2000000000000002,13,117
1.2000000000000002,14,117
1.2000000000000002,15,116
1.2000000000000002,16,116
1.2000000000000002,17,115
1.2000000000000002,18,115
1.2000000000000002,19,114
1.2000000000000002,20,113
1.2000000000000002,21,113
1.2000000000000002,22,112
1.2000000000000002,23,111
1.2000000000000002,24,110
1.2000000000000002,25,109
1.2000000000000002,26,108
1.2000000000000002,27,107
1.2000000000000002,28,106
1.2000000000000002,29,105
1.2000000000000002,30,104
1.2000000000000002,31,103
1.2000000000000002,32,102
1.2000000000000002,33,101
1.2000000000000002,34,100
1.2000000000000002,35,99
1.2000000000000002,36,98
1.2000000000000002,37,96
1.2000000000000002,38,95
1.2000000000000002,39,94
1.2000000000000002,40,92
1.2000000000000002,41,91
1.2000000000000002,42,90
1.2000000000000002,43,88
1.2000000000000002,44,87
1.2000000000000002,45,85
1.2000000000000002,46,84
1.2000000000000002,47,82
1.2000000000000002,48,81
1.2000000000000002,49,79
1.2000000000000002,50,78
1.2000000000000002,51,76
1.2000000000000002,52,74
1.2000000000000002,53,73
1.2000000000000002,54,71
1.2000000000000002,55,69
1.2000000000000002,56,68
1.2000000000000002,57,66
1.2000000000000002,58,64
1.2000000000000002,59,62
1.2000000000000002,60,61
1.2000000000000002,61,59
1.2000000000000002,62,57
1.2000000000000002,63,55
1.2000000000000002,64,53
1.2000000000000002,65,51
1.2000000000000002,66,49
1.2000000000000002,67,47
1.2000000000000002,68,45
1.2000000000000002,69,44
1.2000000000000002,70,42
1.2000000000000002,71,40
1.2000000000000002,72,38
1.2000000000000002,73,36
1.2000000000000002,74,34
1.2000000000000002,75,32
1.2000000000000002,76,30
1.2000000000000002,77,27
1.2000000000000002,78,25
1.2000000000000002,79,23
1.2000000000000002,80,21
1.2000000000000002,81,19
1.2000000000000002,82,17
1.2000000000000002,83,15
1.2000000000000002,84,13
1.2000000000000002,85,11
1.2000000000000002,86,9
1.2000000000000002,87,7
1.2000000000000002,88,5
1.2000000000000002,89,3
1.3,0,130
1.3,1,130
1.3,2,130
1.3,3,130
1.3,4,130
1.3,5,130
1.3,6,130
1.3,7,130
1.3,8,129
1.3,9,129
1.3,10,129
1.3,11,128
1.3,12,128
1.3,13,127
1.3,14,127
1.3,15,126
1.3,16,125
1.3,17,125
1.3,18,124
1.3,19,123
1.3,20,123
1.3,21,122
1.3,22,121
1.3,23,120
1.3,24,119
1.3,25,118
1.3,26,117
1.3,27,116
1.3,28,115
1.3,29,114
1.3,30,113
1.3,31,112
1.3,32,111
1.3,33,110
1.3,34,108
1.3,35,107
1.3,36,106
1.3,37,104
1.3,38,103
1.3,39,102
1.3,40,100
1.3,41,99
1.3,42,97
1.3,43,96
1.3,44,94
1.3,45,92
1.3,46,91
1.3,47,89
1.3,48,87
1.3,49,86
1.3,50,84
1.3,51,82
1.3,52,81
1.3,53,79
1.3,54,77
1.3,55,75
1.3,56,73
1.3,57,71
1.3,58,69
1.3,59,67
1.3,60,66
1.3,61,64
1.3,62,62
1.3,63,60
1.3,64,57
1.3,65,55
1.3,66,53
1.3,67,51
1.3,68,49
1.3,69,47
1.3,70,45
1.3,71,43
1.3,72,41
1.3,73,39
1.3,74,36
1.3,75,34
1.3,76,32
1.3,77,30
1.3,78,28
1.3,79,25
1.3,80,23
1.3,81,21
1.3,82,19
1.3,83,16
1.3,84,14
1.3,85,12
1.3,86,10
1.3,87,7
1.3,88,5
1.3,89,3
1.4000000000000001,0,141
1.4000000000000001,1,140
1.4000000000000001,2,140
1.4000000000000001,3,140
1.4000000000000001,4,140
1.4000000000000001,5,140
1.4000000000000001,6,140
1.4000000000000001,7,139
1.4000000000000001,8,139
1.4000000000000001,9,139
1.4000000000000001,10,138
1.4000000000000001,11,138
1.4000000000000001,12,137
1.4000000000000001,13,137
1.4000000000000001,14,136
1.4000000000000001,15,136
1.4000000000000001,16,135
1.4000000000000001,17,134
1.4000000000000001,18,134
1.4000000000000001,19,133
1.4000000000000001,20,132
1.4000000000000001,21,131
1.4000000000000001,22,130
1.4000000000000001,23,129
1.4000000000000001,24,128
1.4000000000000001,25,127
1.4000000000000001,26,126
1.4000000000000001,27,125
1.4000000000000001,28,124
1.4000000000000001,29,123
1.4000000000000001,30,122
1.4000000000000001,31,121
1.4000000000000001,32,119
1.4000000000000001,33,118
1.4000000000000001,34,117
1.4000000000000001,35,115
1.4000000000000001,36,114
1.4000000000000001,37,112
1.4000000000000001,38,111
1.4000000000000001,39,109
1.4000000000000001,40,108
1.4000000000000001,41,106
1.4000000000000001,42,105
1.4000000000000001,43,103
1.4000000000000001,44,101
1.4000000000000001,45,99
1.4000000000000001,46,98
1.4000000000000001,47,96
1.4000000000000001,48,94
1.4000000000000001,49,92
1.4000000000000001,50,90
1.4000000000000001,51,89
1.4000000000000001,52,87
1.4000000000000001,53,85
1.4000000000000001,54,83
1.4000000000000001,55,81
1.4000000000000001,56,79
1.4000000000000001,57,77
1.4000000000000001,58,75
1.4000000000000001,59,73
1.4000000000000001,60,71
1.4000000000000001,61,68
1.4000000000000001,62,66
1.4000000000000001,63,64
1.4000000000000001,64,62
1.4000000000000001,65,60
1.4000000000000001,66,57
1.4000000000000001,67,55
1.4000000000000001,68,53
1.4000000000000001,69,51
1.4000000000000001,70,48
1.4000000000000001,71,46
1.4000000000000001,72,44
1.4000000000000001,73,41
1.4000000000000001,74,39
1.4000000000000001,75,37
1.4000000000000001,76,34
1.4000000000000001,77,32
1.4000000000000001,78,30
1.4000000000000001,79,27
1.4000000000000001,80,25
1.4000000000000001,81,22
1.4000000000000001,82,20
1.4000000000000001,83,18
1.4000000000000001,84,15
1.4000000000000001,85,13
1.4000000000000001,86,10
1.4000000000000001,87,8
1.4000000000000001,88,5
1.4000000000000001,89,3
1.5,0,150
1.5,1,150
1.5,2,150
1.5,3,150
1.5,4,150
1.5,5,150
1.5,6,150
1.5,7,149
1.5,8,149
1.5,9,149
1.5,10,148
1.5,11,148
1.5,12,147
1.5,13,147
1.5,14,146
1.5,15,145
1.5,16,145
1.5,17,144
1.5,18,143
1.5,19,142
1.5,20,141
1.5,21,141
1.5,22,140
1.5,23,139
1.5,24,138
1.5,25,136
1.5,26,135
1.5,27,134
1.5,28,133
1.5,29,132
1.5,30,130
1.5,31,129
1.5,32,128
1.5,33,126
1.5,34,125
1.5,35,123
1.5,36,122
1.5,37,120
1.5,38,119
1.5,39,117
1.5,40,115
1.5,41,114
1.5,42,112
1.5,43,110
1.5,44,108
1.5,45,107
1.5,46,105
1.5,47,103
1.5,48,101
1.5,49,99
1.5,50,97
1.5,51,95
1.5,52,93
1.5,53,91
1.5,54,89
1.5,55,87
1.5,56,84
1.5,57,82
1.5,58,80
1.5,59,78
1.5,60,76
1.5,61,73
1.5,62,71
1.5,63,69
1.5,64,66
1.5,65,64
1.5,66,62
1.5,67,59
1.5,68,57
1.5,69,54
1.5,70,52
1.5,71,49
1.5,72,47
1.5,73,44
1.5,74,42
1.5,75,39
1.5,76,37
1.5,77,34
1.5,78,32
1.5,79,29
1.5,80,27
1.5,81,24
1.5,82,21
1.5,83,19
1.5,84,16
1.5,85,14
1.5,86,11
1.5,87,8
1.5,88,6
1.5,89,3
1.6,0,160
1.6,1,160
1.6,2,160
1.6,3,160
1.6,4,160
1.6,5,160
1.6,6,160
1.6,7,159
1.6,8,159
1.6,9,159
1.6,10,158
1.6,11,158
1.6,12,157
1.6,13,156
1.6,14,156
1.6,15,155
1.6,16,154
1.6,17,154
1.6,18,153
1.6,19,152
1.6,20,151
1.6,21,150
1.6,22,149
1.6,23,148
1.6,24,147
1.6,25,146
1.6,26,144
1.6,27,143
1.6,28,142
1.6,29,140
1.6,30,139
1.6,31,138
1.6,32,136
1.6,33,135
1.6,34,133
1.6,35,132
1.6,36,130
1.6,37,128
1.6,38,127
1.6,39,125
1.6,40,123
1.6,41,121
1.6,42,119
1.6,43,118
1.6,44,116
1.6,45,114
1.6,46,112
1.6,47,110
1.6,48,108
1.6,49,105
1.6,50,103
1.6,51,101
1.6,52,99
1.6,53,97
1.6,54,95
1.6,55,92
1.6,56,90
1.6,57,88
1.6,58,85
1.6,59,83
1.6,60,81
1.6,61,78
1.6,62,76
1.6,63,73
1.6,64,71
1.6,65,68
1.6,66,66
1.6,67,63
1.6,68,60
1.6,69,58
1.6,70,55
1.6,71,53
1.6,72,50
1.6,73,47
1.6,74,45
1.6,75,42
1.6,76,39
1.6,77,36
1.6,78,34
1.6,79,31
1.6,80,28
1.6,81,26
1.6,82,23
1.6,83,20
1.6,84,17
1.6,85,14
1.6,86,12
1.6,87,9
1.6,88,6
1.6,89,3
1.7000000000000002,0,170
1.7000000000000002,1,170
1.7000000000000002,2,170
1.7000000000000002,3,170
1.7000000000000002,4,170
1.7000000000000002,5,170
1.7000000000000002,6,170
1.7000000000000002,7,169
1.7000000000000002,8,169
1.7000000000000002,9,168
1.7000000000000002,10,168
1.7000000000000002,11,167
1.7000000000000002,12,167
1.7000000000000002,13,166
1.7000000000000002,14,165
1.7000000000000002,15,165
1.7000000000000002,16,164
1.7000000000000002,17,163
1.7000000000000002,18,162
1.7000000000000002,19,161
1.7000000000000002,20,160
1.7000000000000002,21,159
1.7000000000000002,22,158
1.7000000000000002,23,157
1.7000000000000002,24,156
1.7000000000000002,25,155
1.7000000000000002,26,153
1.7000000000000002,27,152
1.7000000000000002,28,151
1.7000000000000002,29,149
1.7000000000000002,30,148
1.7000000000000002,31,146
1.7000000000000002,32,145
1.7000000000000002,33,143
1.7000000000000002,34,141
1.7000000000000002,35,140
1.7000000000000002,36,138
1.7000000000000002,37,136
1.7000000000000002,38,134
1.7000000000000002,39,133
1.7000000000000002,40,131
1.7000000000000002,41,129
1.7000000000000002,42,127
1.7000000000000002,43,125
1.7000000000000002,44,123
1.7000000000000002,45,121
1.7000000000000002,46,119
1.7000000000000002,47,116
1.7000000000000002,48,114
1.7000000000000002,49,112
1.7000000000000002,50,110
1.7000000000000002,51,107
1.7000000000000002,52,105
1.7000000000000002,53,103
1.7000000000000002,54,100
1.7000000000000002,55,98
1.7000000000000002,56,96
1.7000000000000002,57,93
1.7000000000000002,58,91
1.7000000000000002,59,88
1.7000000000000002,60,86
1.7000000000000002,61,83
1.7000000000000002,62,80
1.7000000000000002,63,78
1.7000000000000002,64,75
1.7000000000000002,65,72
1.7000000000000002,66,70
1.7000000000000002,67,67
1.7000000000000002,68,64
1.7000000000000002,69,61
1.7000000000000002,70,59
1.7000000000000002,71,56
1.7000000000000002,72,53
1.7000000000000002,73,50
1.7000000000000002,74,47
1.7000000000000002,75,44
1.7000000000000002,76,42
1.7000000000000002,77,39
1.7000000000000002,78,36
1.7000000000000002,79,33
1.7000000000000002,80,30
1.7000000000000002,81,27
1.7000000000000002,82,24
1.7000000000000002,83,21
1.7000000000000002,84,18
1.7000000000000002,85,15
1.7000000000000002,86,12
1.7000000000000002,87,9
1.7000000000000002,88,6
1.7000000000000002,89,3
1.8,0,180
1.8,1,180
1.8,2,180
1.8,3,180
1.8,4,180
1.8,5,180
1.8,6,180
1.8,7,179
1.8,8,179
1.8,9,178
1.8,10,178
1.8,11,177
1.8,12,177
1.8,13,176
1.8,14,175
1.8,15,174
1.8,16,174
1.8,17,173
1.8,18,172
1.8,19,171
1.8,20,170
1.8,21,169
1.8,22,167
1.8,23,166
1.8,24,165
1.8,25,164
1.8,26,162
1.8,27,161
1.8,28,159
1.8,29,158
1.8,30,156
1.8,31,155
1.8,32,153
1.8,33,151
1.8,34,150
1.8,35,148
1.8,36,146
1.8,37,144
1.8,38,142
1.8,39,140
1.8,40,138
1.8,41,136
1.8,42,134
1.8,43,132
1.8,44,130
1.8,45,128
1.8,46,126
1.8,47,123
1.8,48,121
1.8,49,119
1.8,50,116
1.8,51,114
1.8,52,111
1.8,53,109
1.8,54,106
1.8,55,104
1.8,56,101
1.8,57,99
1.8,58,96
1.8,59,93
1.8,60,91
1.8,61,88
1.8,62,85
1.8,63,82
1.8,64,79
1.8,65,77
1.8,66,74
1.8,67,71
1.8,68,68
1.8,69,65
1.8,70,62
1.8,71,59
1.8,72,56
1.8,73,53
1.8,74,50
1.8,75,47
1.8,76,44
1.8,77,41
1.8,78,38
1.8,79,35
1.8,80,32
1.8,81,29
1.8,82,26
1.8,83,22
1.8,84,19
1.8,85,16
1.8,86,13
1.8,87,10
1.8,88,7
1.8,89,4
1.9000000000000001,0,191
1.9000000000000001,1,190
1.9000000000000001,2,190
1.9000000000000001,3,190
1.9000000000000001,4,190
1.9000000000000001,5,190
1.9000000000000001,6,189
1.9000000000000001,7,189
1.9000000000000001,8,189
1.9000000000000001,9,188
1.9000000000000001,10,188
1.9000000000000001,11,187
1.9000000000000001,12,186
1.9000000000000001,13,186
1.9000000000000001,14,185
1.9000000000000001,15,184
1.9000000000000001,16,183
1.9000000000000001,17,182
1.9000000000000001,18,181
1.9000000000000001,19,180
1.9000000000000001,20,179
1.9000000000000001,21,178
1.9000000000000001,22,177
1.9000000000000001,23,175
1.9000000000000001,24,174
1.9000000000000001,25,173
1.9000000000000001,26,171
1.9000000000000001,27,170
1.9000000000000001,28,168
1.9000000000000001,29,167
1.9000000000000001,30,165
1.9000000000000001,31,163
1.9000000000000001,32,162
1.9000000000000001,33,160
1.9000000000000001,34,158
1.9000000000000001,35,156
1.9000000000000001,36,154
1.9000000000000001,37,152
1.9000000000000001,38,150
1.9000000000000001,39,148
1.9000000000000001,40,146
1.9000000000000001,41,144
1.9000000000000001,42,142
1.9000000000000001,43,139
1.9000000000000001,44,137
1.9000000000000001,45,135
1.9000000000000001,46,132
1.9000000000000001,47,130
1.9000000000000001,48,128
1.9000000000000001,49,125
1.9000000000000001,50,123
1.9000000000000001,51,120
1.9000000000000001,52,117
1.9000000000000001,53,115
1.9000000000000001,54,112
1.9000000000000001,55,109
1.9000000000000001,56,107
1.9000000000000001,57,104
1.9000000000000001,58,101
1.9000000000000001,59,98
1.9000000000000001,60,96
1.9000000000000001,61,93
1.9000000000000001,62,90
1.9000000000000001,63,87
1.9000000000000001,64,84
1.9000000000000001,65,81
1.9000000000000001,66,78
1.9000000000000001,67,75
1.9000000000000001,68,72
1.9000000000000001,69,69
1.9000000000000001,70,65
1.9000000000000001,71,62
1.9000000000000001,72,59
1.9000000000000001,73,56
1.9000000000000001,74,53
1.9000000000000001,75,50
1.9000000000000001,76,46
1.9000000000000001,77,43
1.9000000000000001,78,40
1.9000000000000001,79,37
1.9000000000000001,80,33
1.9000000000000001,81,30
1.9000000000000001,82,27
1.9000000000000001,83,24
1.9000000000000001,84,20
1.9000000000000001,85,17
1.9000000000000001,86,14
1.9000000000000001,87,10
1.9000000000000001,88,7
1.9000000000000001,89,4
2.0,6,199
2.0,7,199
2.0,8,199
2.0,9,198
2.0,10,197
2.0,11,197
2.0,12,196
2.0,13,195
2.0,14,195
2.0,15,194
2.0,16,193
2.0,17,192
2.0,18,191
2.0,19,190
2.0,20,188
2.0,21,187
2.0,22,186
2.0,23,185
2.0,24,183
2.0,25,182
2.0,26,180
2.0,27,179
2.0,28,177
2.0,29,175
2.0,30,174
2.0,31,172
2.0,32,170
2.0,33,168
2.0,34,166
2.0,35,164
2.0,36,162
2.0,37,160
2.0,38,158
2.0,39,156
2.0,40,154
2.0,41,151
2.0,42,149
2.0,43,147
2.0,44,144
2.0,45,142
2.0,46,139
2.0,47,137
2.0,48,134
2.0,49,132
2.0,50,129
2.0,51,126
2.0,52,124
2.0,53,121
2.0,54,118
2.0,55,115
2.0,56,112
2.0,57,109
2.0,58,106
2.0,59,104
2.0,60,101
2.0,61,97
2.0,62,94
2.0,63,91
2.0,64,88
2.0,65,85
2.0,66,82
2.0,67,79
2.0,68,75
2.0,69,72
2.0,70,69
2.0,71,66
2.0,72,62
2.0,73,59
2.0,74,56
2.0,75,52
2.0,76,49
2.0,77,45
2.0,78,42
2.0,79,39
2.0,80,35
2.0,81,32
2.0,82,28
2.0,83,25
2.0,84,21
2.0,85,18
2.0,86,14
2.0,87,11
2.0,88,7
2.0,89,4
2.1,19,199
2.1,20,198
2.1,21,197
2.1,22,195
2.1,23,194
2.1,24,192
2.1,25,191
2.1,26,189
2.1,27,188
2.1,28,186
2.1,29,184
2.1,30,182
2.1,31,181
2.1,32,179
2.1,33,177
2.1,34,175
2.1,35,173
2.1,36,170
2.1,37,168
2.1,38,166
2.1,39,164
2.1,40,161
2.1,41,159
2.1,42,157
2.1,43,154
2.1,44,152
2.1,45,149
2.1,46,146
2.1,47,144
2.1,48,141
2.1,49,138
2.1,50,135
2.1,51,133
2.1,52,130
2.1,53,127
2.1,54,124
2.1,55,121
2.1,56,118
2.1,57,115
2.1,58,112
2.1,59,109
2.1,60,106
2.1,61,102
2.1,62,99
2.1,63,96
2.1,64,93
2.1,65,89
2.1,66,86
2.1,67,83
2.1,68,79
2.1,69,76
2.1,70,72
2.1,71,69
2.1,72,65
2.1,73,62
2.1,74,58
2.1,75,55
2.1,76,51
2.1,77,48
2.1,78,44
2.1,79,41
2.1,80,37
2.1,81,33
2.1,82,30
2.1,83,26
2.1,84,22
2.1,85,19
2.1,86,15
2.1,87,11
2.1,88,8
2.1,89,4
2.2,26,198
2.2,27,197
2.2,28,195
2.2,29,193
2.2,30,191
2.2,31,189
2.2,32,187
2.2,33,185
2.2,34,183
2.2,35,181
2.2,36,178
2.2,37,176
2.2,38,174
2.2,39,171
2.2,40,169
2.2,41,167
2.2,42,164
2.2,43,161
2.2,44,159
2.2,45,156
2.2,46,153
2.2,47,151
2.2,48,148
2.2,49,145
2.2,50,142
2.2,51,139
2.2,52,136
2.2,53,133
2.2,54,130
2.2,55,127
2.2,56,124
2.2,57,120
2.2,58,117
2.2,59,114
2.2,60,111
2.2,61,107
2.2,62,104
2.2,63,100
2.2,64,97
2.2,65,93
2.2,66,90
2.2,67,86
2.2,68,83
2.2,69,79
2.2,70,76
2.2,71,72
2.2,72,68
2.2,73,65
2.2,74,61
2.2,75,57
2.2,76,54
2.2,77,50
2.2,78,46
2.2,79,42
2.2,80,39
2.2,81,35
2.2,82,31
2.2,83,27
2.2,84,23
2.2,85,20
2.2,86,16
2.2,87,12
2.2,88,8
2.2,89,4
2.3000000000000003,31,198
2.3000000000000003,32,196
2.3000000000000003,33,193
2.3000000000000003,34,191
2.3000000000000003,35,189
2.3000000000000003,36,187
2.3000000000000003,37,184
2.3000000000000003,38,182
2.3000000000000003,39,179
2.3000000000000003,40,177
2.3000000000000003,41,174
2.3000000000000003,42,171
2.3000000000000003,43,169
2.3000000000000003,44,166
2.3000000000000003,45,163
2.3000000000000003,46,160
2.3000000000000003,47,157
2.3000000000000003,48,154
2.3000000000000003,49,151
2.3000000000000003,50,148
2.3000000000000003,51,145
2.3000000000000003,52,142
2.3000000000000003,53,139
2.3000000000000003,54,136
2.3000000000000003,55,132
2.3000000000000003,56,129
2.3000000000000003,57,126
2.3000000000000003,58,122
2.3000000000000003,59,119
2.3000000000000003,60,116
2.3000000000000003,61,112
2.3000000000000003,62,108
2.3000000000000003,63,105
2.3000000000000003,64,101
2.3000000000000003,65,98
2.3000000000000003,66,94
2.3000000000000003,67,90
2.3000000000000003,68,87
2.3000000000000003,69,83
2.3000000000000003,70,79
2.3000000000000003,71,75
2.3000000000000003,72,72
2.3000000000000003,73,68
2.3000000000000003,74,64
2.3000000000000003,75,60
2.3000000000000003,76,56
2.3000000000000003,77,52
2.3000000000000003,78,48
2.3000000000000003,79,44
2.3000000000000003,80,40
2.3000000000000003,81,36
2.3000000000000003,82,33
2.3000000000000003,83,29
2.3000000000000003,84,25
2.3000000000000003,85,21
2.3000000000000003,86,17
2.3000000000000003,87,13
2.3000000000000003,88,9
2.3000000000000003,89,5
2.4000000000000004,34,199
2.4000000000000004,35,197
2.4000000000000004,36,195
2.4000000000000004,37,192
2.4000000000000004,38,190
2.4000000000000004,39,187
2.4000000000000004,40,184
2.4000000000000004,41,182
2.4000000000000004,42,179
2.4000000000000004,43,176
2.4000000000000004,44,173
2.4000000000000004,45,170
2.4000000000000004,46,167
2.4000000000000004,47,164
2.4000000000000004,48,161
2.4000000000000004,49,158
2.4000000000000004,50,155
2.4000000000000004,51,152
2.4000000000000004,52,148
2.4000000000000004,53,145
2.4000000000000004,54,142
2.4000000000000004,55,138
2.4000000000000004,56,135
2.4000000000000004,57,131
2.4000000000000004,58,128
2.4000000000000004,59,124
2.4000000000000004,60,121
2.4000000000000004,61,117
2.4000000000000004,62,113
2.4000000000000004,63,109
2.4000000000000004,64,106
2.4000000000000004,65,102
2.4000000000000004,66,98
2.4000000000000004,67,94
2.4000000000000004,68,90
2.4000000000000004,69,87
2.4000000000000004,70,83
2.4000000000000004,71,79
2.4000000000000004,72,75
2.4000000000000004,73,71
2.4000000000000004,74,67
2.4000000000000004,75,63
2.4000000000000004,76,59
2.4000000000000004,77,54
2.4000000000000004,78,50
2.4000000000000004,79,46
2.4000000000000004,80,42
2.4000000000000004,81,38
2.4000000000000004,82,34
2.4000000000000004,83,30
2.4000000000000004,84,26
2.4000000000000004,85,21
2.4000000000000004,86,17
2.4000000000000004,87,13
2.4000000000000004,88,9
2.4000000000000004,89,5
2.5,38,198
2.5,39,195
2.5,40,192
2.5,41,189
2.5,42,186
2.5,43,183
2.5,44,180
2.5,45,177
2.5,46,174
2.5,47,171
2.5,48,168
2.5,49,165
2.5,50,161
2.5,51,158
2.5,52,154
2.5,53,151
2.5,54,147
2.5,55,144
2.5,56,140
2.5,57,137
2.5,58,133
2.5,59,129
2.5,60,126
2.5,61,122
2.5,62,118
2.5,63,114
2.5,64,110
2.5,65,106
2.5,66,102
2.5,67,98
2.5,68,94
2.5,69,90
2.5,70,86
2.5,71,82
2.5,72,78
2.5,73,74
2.5,74,69
2.5,75,65
2.5,76,61
2.5,77,57
2.5,78,52
2.5,79,48
2.5,80,44
2.5,81,40
2.5,82,35
2.5,83,31
2.5,84,27
2.5,85,22
2.5,86,18
2.5,87,14
2.5,88,9
2.5,89,5
2.6,41,197
2.6,42,194
2.6,43,191
2.6,44,188
2.6,45,184
2.6,46,181
2.6,47,178
2.6,48,174
2.6,49,171
2.6,50,168
2.6,51,164
2.6,52,161
2.6,53,157
2.6,54,153
2.6,55,150
2.6,56,146
2.6,57,142
2.6,58,138
2.6,59,134
2.6,60,131
2.6,61,127
2.6,62,123
2.6,63,119
2.6,64,114
2.6,65,110
2.6,66,106
2.6,67,102
2.6,68,98
2.6,69,94
2.6,70,89
2.6,71,85
2.6,72,81
2.6,73,77
2.6,74,72
2.6,75,68
2.6,76,63
2.6,77,59
2.6,78,55
2.6,79,50
2.6,80,46
2.6,81,41
2.6,82,37
2.6,83,32
2.6,84,28
2.6,85,23
2.6,86,19
2.6,87,14
2.6,88,10
2.6,89,5
2.7,43,198
2.7,44,195
2.7,45,191
2.7,46,188
2.7,47,185
2.7,48,181
2.7,49,178
2.7,50,174
2.7,51,170
2.7,52,167
2.7,53,163
2.7,54,159
2.7,55,155
2.7,56,151
2.7,57,148
2.7,58,144
2.7,59,140
2.7,60,136
2.7,61,131
2.7,62,127
2.7,63,123
2.7,64,119
2.7,65,115
2.7,66,110
2.7,67,106
2.7,68,102
2.7,69,97
2.7,70,93
2.7,71,88
2.7,72,84
2.7,73,79
2.7,74,75
2.7,75,70
2.7,76,66
2.7,77,61
2.7,78,57
2.7,79,52
2.7,80,47
2.7,81,43
2.7,82,38
2.7,83,33
2.7,84,29
2.7,85,24
2.7,86,19
2.7,87,15
2.7,88,10
2.7,89,5
2.8000000000000003,45,198
2.8000000000000003,46,195
2.8000000000000003,47,191
2.8000000000000003,48,188
2.8000000000000003,49,184
2.8000000000000003,50,180
2.8000000000000003,51,177
2.8000000000000003,52,173
2.8000000000000003,53,169
2.8000000000000003,54,165
2.8000000000000003,55,161
2.8000000000000003,56,157
2.8000000000000003,57,153
2.8000000000000003,58,149
2.8000000000000003,59,145
2.8000000000000003,60,141
2.8000000000000003,61,136
2.8000000000000003,62,132
2.8000000000000003,63,128
2.8000000000000003,64,123
2.8000000000000003,65,119
2.8000000000000003,66,114
2.8000000000000003,67,110
2.8000000000000003,68,105
2.8000000000000003,69,101
2.8000000000000003,70,96
2.8000000000000003,71,92
2.8000000000000003,72,87
2.8000000000000003,73,82
2.8000000000000003,74,78
2.8000000000000003,75,73
2.8000000000000003,76,68
2.8000000000000003,77,63
2.8000000000000003,78,59
2.8000000000000003,79,54
2.8000000000000003,80,49
2.8000000000000003,81,44
2.8000000000000003,82,39
2.8000000000000003,83,35
2.8000000000000003,84,30
2.8000000000000003,85,25
2.8000000000000003,86,20
2.8000000000000003,87,15
2.8000000000000003,88,10
2.8000000000000003,89,5
2.9000000000000004,47,198
2.9000000000000004,48,195
2.9000000000000004,49,191
2.9000000000000004,50,187
2.9000000000000004,51,183
2.9000000000000004,52,179
2.9000000000000004,53,175
2.9000000000000004,54,171
2.9000000000000004,55,167
2.9000000000000004,56,163
2.9000000000000004,57,158
2.9000000000000004,58,154
2.9000000000000004,59,150
2.9000000000000004,60,146
2.9000000000000004,61,141
2.9000000000000004,62,137
2.9000000000000004,63,132
2.9000000000000004,64,128
2.9000000000000004,65,123
2.9000000000000004,66,118
2.9000000000000004,67,114
2.9000000000000004,68,109
2.9000000000000004,69,104
2.9000000000000004,70,100
2.9000000000000004,71,95
2.9000000000000004,72,90
2.9000000000000004,73,85
2.9000000000000004,74,80
2.9000000000000004,75,76
2.9000000000000004,76,71
2.9000000000000004,77,66
2.9000000000000004,78,61
2.9000000000000004,79,56
2.9000000000000004,80,51
2.9000000000000004,81,46
2.9000000000000004,82,41
2.9000000000000004,83,36
2.9000000000000004,84,31
2.9000000000000004,85,26
2.9000000000000004,86,21
2.9000000000000004,87,16
2.9000000000000004,88,11
2.9000000000000004,89,6
3.0,49,197
3.0,50,193
3.0,51,189
3.0,52,185
3.0,53,181
3.0,54,177
3.0,55,173
3.0,56,168
3.0,57,164
3.0,58,159
3.0,59,155
3.0,60,151
3.0,61,146
3.0,62,141
3.0,63,137
3.0,64,132
3.0,65,127
3.0,66,123
3.0,67,118
3.0,68,113
3.0,69,108
3.0,70,103
3.0,71,98
3.0,72,93
3.0,73,88
3.0,74,83
3.0,75,78
3.0,76,73
3.0,77,68
3.0,78,63
3.0,79,58
3.0,80,53
3.0,81,47
3.0,82,42
3.0,83,37
3.0,84,32
3.0,85,27
3.0,86,21
3.0,87,16
3.0,88,11
3.0,89,6
3.1,51,196
3.1,52,191
3.1,53,187
3.1,54,183
3.1,55,178
3.1,56,174
3.1,57,169
3.1,58,165
3.1,59,160
3.1,60,156
3.1,61,151
3.1,62,146
3.1,63,141
3.1,64,136
3.1,65,132
3.1,66,127
3.1,67,122
3.1,68,117
3.1,69,112
3.1,70,107
3.1,71,101
3.1,72,96
3.1,73,91
3.1,74,86
3.1,75,81
3.1,76,75
3.1,77,70
3.1,78,65
3.1,79,60
3.1,80,54
3.1,81,49
3.1,82,44
3.1,83,38
3.1,84,33
3.1,85,28
3.1,86,22
3.1,87,17
3.1,88,11
3.1,89,6
3.2,52,198
3.2,53,193
3.2,54,189
3.2,55,184
3.2,56,179
3.2,57,175
3.2,58,170
3.2,59,165
3.2,60,161
3.2,61,156
3.2,62,151
3.2,63,146
3.2,64,141
3.2,65,136
3.2,66,131
3.2,67,126
3.2,68,120
3.2,69,115
3.2,70,110
3.2,71,105
3.2,72,99
3.2,73,94
3.2,74,89
3.2,75,83
3.2,76,78
3.2,77,72
3.2,78,67
3.2,79,62
3.2,80,56
3.2,81,51
3.2,82,45
3.2,83,39
3.2,84,34
3.2,85,28
3.2,86,23
3.2,87,17
3.2,88,12
3.2,89,6
3.3000000000000003,53,199
3.3000000000000003,54,194
3.3000000000000003,55,190
3.3000000000000003,56,185
3.3000000000000003,57,180
3.3000000000000003,58,175
3.3000000000000003,59,170
3.3000000000000003,60,166
3.3000000000000003,61,160
3.3000000000000003,62,155
3.3000000000000003,63,150
3.3000000000000003,64,145
3.3000000000000003,65,140
3.3000000000000003,66,135
3.3000000000000003,67,129
3.3000000000000003,68,124
3.3000000000000003,69,119
3.3000000000000003,70,113
3.3000000000000003,71,108
3.3000000000000003,72,102
3.3000000000000003,73,97
3.3000000000000003,74,91
3.3000000000000003,75,86
3.3000000000000003,76,80
3.3000000000000003,77,75
3.3000000000000003,78,69
3.3000000000000003,79,63
3.3000000000000003,80,58
3.3000000000000003,81,52
3.3000000000000003,82,46
3.3000000000000003,83,41
3.3000000000000003,84,35
3.3000000000000003,85,29
3.3000000000000003,86,24
3.3000000000000003,87,18
3.3000000000000003,88,12
3.3000000000000003,89,6
3.4000000000000004,55,196
3.4000000000000004,56,191
3.4000000000000004,57,186
3.4000000000000004,58,181
3.4000000000000004,59,176
3.4000000000000004,60,171
3.4000000000000004,61,165
3.4000000000000004,62,160
3.4000000000000004,63,155
3.4000000000000004,64,150
3.4000000000000004,65,144
3.4000000000000004,66,139
3.4000000000000004,67,133
3.4000000000000004,68,128
3.4000000000000004,69,122
3.4000000000000004,70,117
3.4000000000000004,71,111
3.4000000000000004,72,106
3.4000000000000004,73,100
3.4000000000000004,74,94
3.4000000000000004,75,88
3.4000000000000004,76,83
3.4000000000000004,77,77
3.4000000000000004,78,71
3.4000000000000004,79,65
3.4000000000000004,80,60
3.4000000000000004,81,54
3.4000000000000004,82,48
3.4000000000000004,83,42
3.4000000000000004,84,36
3.4000000000000004,85,30
3.4000000000000004,86,24
3.4000000000000004,87,18
3.4000000000000004,88,12
3.4000000000000004,89,6
3.5,56,196
3.5,57,191
3.5,58,186
3.5,59,181
3.5,60,176
3.5,61,170
3.5,62,165
3.5,63,159
3.5,64,154
3.5,65,148
3.5,66,143
3.5,67,137
3.5,68,132
3.5,69,126
3.5,70,120
3.5,71,114
3.5,72,109
3.5,73,103
3.5,74,97
3.5,75,91
3.5,76,85
3.5,77,79
3.5,78,73
3.5,79,67
3.5,80,61
3.5,81,55
3.5,82,49
3.5,83,43
3.5,84,37
3.5,85,31
3.5,86,25
3.5,87,19
3.5,88,13
3.5,89,7
3.6,57,197
3.6,58,191
3.6,59,186
3.6,60,181
3.6,61,175
3.6,62,170
3.6,63,164
3.6,64,158
3.6,65,153
3.6,66,147
3.6,67,141
3.6,68,135
3.6,69,130
3.6,70,124
3.6,71,118
3.6,72,112
3.6,73,106
3.6,74,100
3.6,75,94
3.6,76,88
3.6,77,81
3.6,78,75
3.6,79,69
3.6,80,63
3.6,81,57
3.6,82,51
3.6,83,44
3.6,84,38
3.6,85,32
3.6,86,26
3.6,87,19
3.6,88,13
3.6,89,7
3.7,58,197
3.7,59,191
3.7,60,186
3.7,61,180
3.7,62,174
3.7,63,168
3.7,64,163
3.7,65,157
3.7,66,151
3.7,67,145
3.7,68,139
3.7,69,133
3.7,70,127
3.7,71,121
3.7,72,115
3.7,73,109
3.7,74,102
3.7,75,96
3.7,76,90
3.7,77,84
3.7,78,77
3.7,79,71
3.7,80,65
3.7,81,58
3.7,82,52
3.7,83,46
3.7,84,39
3.7,85,33
3.7,86,26
3.7,87,20
3.7,88,13
3.7,89,7
3.8000000000000003,59,196
3.8000000000000003,60,191
3.8000000000000003,61,185
3.8000000000000003,62,179
3.8000000000000003,63,173
3.8000000000000003,64,167
3.8000000000000003,65,161
3.8000000000000003,66,155
3.8000000000000003,67,149
3.8000000000000003,68,143
3.8000000000000003,69,137
3.8000000000000003,70,130
3.8000000000000003,71,124
3.8000000000000003,72,118
3.8000000000000003,73,112
3.8000000000000003,74,105
3.8000000000000003,75,99
3.8000000000000003,76,92
3.8000000000000003,77,86
3.8000000000000003,78,80
3.8000000000000003,79,73
3.8000000000000003,80,66
3.8000000000000003,81,60
3.8000000000000003,82,53
3.8000000000000003,83,47
3.8000000000000003,84,40
3.8000000000000003,85,34
3.8000000000000003,86,27
3.8000000000000003,87,20
3.8000000000000003,88,14
3.8000000000000003,89,7
3.9000000000000004,60,196
3.9000000000000004,61,190
3.9000000000000004,62,184
3.9000000000000004,63,178
3.9000000000000004,64,171
3.9000000000000004,65,165
3.9000000000000004,66,159
3.9000000000000004,67,153
3.9000000000000004,68,147
3.9000000000000004,69,140
3.9000000000000004,70,134
3.9000000000000004,71,127
3.9000000000000004,72,121
3.9000000000000004,73,115
3.9000000000000004,74,108
3.9000000000000004,75,101
3.9000000000000004,76,95
3.9000000000000004,77,88
3.9000000000000004,78,82
3.9000000000000004,79,75
3.9000000000000004,80,68
3.9000000000000004,81,62
3.9000000000000004,82,55
3.9000000000000004,83,48
3.9000000000000004,84,41
3.9000000000000004,85,34
3.9000000000000004,86,28
3.9000000000000004,87,21
3.9000000000000004,88,14
3.9000000000000004,89,7
4.0,61,194
4.0,62,188
4.0,63,182
4.0,64,176
4.0,65,170
4.0,66,163
4.0,67,157
4.0,68,150
4.0,69,144
4.0,70,137
4.0,71,131
4.0,72,124
4.0,73,117
4.0,74,111
4.0,75,104
4.0,76,97
4.0,77,90
4.0,78,84
4.0,79,77
4.0,80,70
4.0,81,63
4.0,82,56
4.0,83,49
4.0,84,42
4.0,85,35
4.0,86,28
4.0,87,21
4.0,88,14
4.0,89,7
4.1000000000000005,61,199
4.1000000000000005,62,193
4.1000000000000005,63,187
4.1000000000000005,64,180
4.1000000000000005,65,174
4.1000000000000005,66,167
4.1000000000000005,67,161
4.1000000000000005,68,154
4.1000000000000005,69,147
4.1000000000000005,70,141
4.1000000000000005,71,134
4.1000000000000005,72,127
4.1000000000000005,73,120
4.1000000000000005,74,114
4.1000000000000005,75,107
4.1000000000000005,76,100
4.1000000000000005,77,93
4.1000000000000005,78,86
4.1000000000000005,79,79
4.1000000000000005,80,72
4.1000000000000005,81,65
4.1000000000000005,82,58
4.1000000000000005,83,50
4.1000000000000005,84,43
4.1000000000000005,85,36
4.1000000000000005,86,29
4.1000000000000005,87,22
4.1000000000000005,88,15
4.1000000000000005,89,8
4.2,62,198
4.2,63,191
4.2,64,185
4.2,65,178
4.2,66,171
4.2,67,165
4.2,68,158
4.2,69,151
4.2,70,144
4.2,71,137
4.2,72,130
4.2,73,123
4.2,74,116
4.2,75,109
4.2,76,102
4.2,77,95
4.2,78,88
4.2,79,81
4.2,80,73
4.2,81,66
4.2,82,59
4.2,83,52
4.2,84,44
4.2,85,37
4.2,86,30
4.2,87,22
4.2,88,15
4.2,89,8
4.3,63,196
4.3,64,189
4.3,65,182
4.3,66,175
4.3,67,169
4.3,68,162
4.3,69,155
4.3,70,148
4.3,71,140
4.3,72,133
4.3,73,126
4.3,74,119
4.3,75,112
4.3,76,105
4.3,77,97
4.3,78,90
4.3,79,83
4.3,80,75
4.3,81,68
4.3,82,60
4.3,83,53
4.3,84,45
4.3,85,38
4.3,86,30
4.3,87,23
4.3,88,16
4.3,89,8
4.4,64,193
4.4,65,186
4.4,66,179
4.4,67,172
4.4,68,165
4.4,69,158
4.4,70,151
4.4,71,144
4.4,72,136
4.4,73,129
4.4,74,122
4.4,75,114
4.4,76,107
4.4,77,99
4.4,78,92
4.4,79,84
4.4,80,77
4.4,81,69
4.4,82,62
4.4,83,54
4.4,84,46
4.4,85,39
4.4,86,31
4.4,87,24
4.4,88,16
4.4,89,8
4.5,64,198
4.5,65,191
4.5,66,184
4.5,67,176
4.5,68,169
4.5,69,162
4.5,70,154
4.5,71,147
4.5,72,140
4.5,73,132
4.5,74,125
4.5,75,117
4.5,76,109
4.5,77,102
4.5,78,94
4.5,79,86
4.5,80,79
4.5,81,71
4.5,82,63
4.5,83,55
4.5,84,48
4.5,85,40
4.5,86,32
4.5,87,24
4.5,88,16
4.5,89,8
4.6000000000000005,65,195
4.6000000000000005,66,188
4.6000000000000005,67,180
4.6000000000000005,68,173
4.6000000000000005,69,165
4.6000000000000005,70,158
4.6000000000000005,71,150
4.6000000000000005,72,143
4.6000000000000005,73,135
4.6000000000000005,74,127
4.6000000000000005,75,120
4.6000000000000005,76,112
4.6000000000000005,77,104
4.6000000000000005,78,96
4.6000000000000005,79,88
4.6000000000000005,80,80
4.6000000000000005,81,72
4.6000000000000005,82,65
4.6000000000000005,83,57
4.6000000000000005,84,49
4.6000000000000005,85,41
4.6000000000000005,86,33
4.6000000000000005,87,25
4.6000000000000005,88,17
4.6000000000000005,89,9
4.7,65,199
4.7,66,192
4.7,67,184
4.7,68,177
4.7,69,169
4.7,70,161
4.7,71,154
4.7,72,146
4.7,73,138
4.7,74,130
4.7,75,122
4.7,76,114
4.7,77,106
4.7,78,98
4.7,79,90
4.7,80,82
4.7,81,74
4.7,82,66
4.7,83,58
4.7,84,50
4.7,85,41
4.7,86,33
4.7,87,25
4.7,88,17
4.7,89,9
4.800000000000001,66,196
4.800000000000001,67,188
4.800000000000001,68,180
4.800000000000001,69,173
4.800000000000001,70,165
4.800000000000001,71,157
4.800000000000001,72,149
4.800000000000001,73,141
4.800000000000001,74,133
4.800000000000001,75,125
4.800000000000001,76,117
4.800000000000001,77,108
4.800000000000001,78,100
4.800000000000001,79,92
4.800000000000001,80,84
4.800000000000001,81,76
4.800000000000001,82,67
4.800000000000001,83,59
4.800000000000001,84,51
4.800000000000001,85,42
4.800000000000001,86,34
4.800000000000001,87,26
4.800000000000001,88,17
4.800000000000001,89,9
4.9,67,192
4.9,68,184
4.9,69,176
4.9,70,168
4.9,71,160
4.9,72,152
4.9,73,144
4.9,74,136
4.9,75,127
4.9,76,119
4.9,77,111
4.9,78,102
4.9,79,94
4.9,80,86
4.9,81,77
4.9,82,69
4.9,83,60
4.9,84,52
4.9,85,43
4.9,86,35
4.9,87,26
4.9,88,18
4.9,89,9
5.0,67,196
5.0,68,188
5.0,69,180
5.0,70,172
5.0,71,163
5.0,72,155
5.0,73,147
5.0,74,138
5.0,75,130
5.0,76,121
5.0,77,113
5.0,78,104
5.0,79,96
5.0,80,87
5.0,81,79
5.0,82,70
5.0,83,61
5.0,84,53
5.0,85,44
5.0,86,35
5.0,87,27
5.0,88,18
5.0,89,9
5.1000000000000005,68,192
5.1000000000000005,69,183
5.1000000000000005,70,175
5.1000000000000005,71,167
5.1000000000000005,72,158
5.1000000000000005,73,150
5.1000000000000005,74,141
5.1000000000000005,75,132
5.1000000000000005,76,124
5.1000000000000005,77,115
5.1000000000000005,78,107
5.1000000000000005,79,98
5.1000000000000005,80,89
5.1000000000000005,81,80
5.1000000000000005,82,71
5.1000000000000005,83,63
5.1000000000000005,84,54
5.1000000000000005,85,45
5.1000000000000005,86,36
5.1000000000000005,87,27
5.1000000000000005,88,18
5.1000000000000005,89,9
5.2,68,195
5.2,69,187
5.2,70,178
5.2,71,170
5.2,72,161
5.2,73,153
5.2,74,144
5.2,75,135
5.2,76,126
5.2,77,117
5.2,78,109
5.2,79,100
5.2,80,91
5.2,81,82
5.2,82,73
5.2,83,64
5.2,84,55
5.2,85,46
5.2,86,37
5.2,87,28
5.2,88,19
5.2,89,10
5.300000000000001,68,199
5.300000000000001,69,190
5.300000000000001,70,182
5.300000000000001,71,173
5.300000000000001,72,164
5.300000000000001,73,155
5.300000000000001,74,147
5.300000000000001,75,138
5.300000000000001,76,129
5.300000000000001,77,120
5.300000000000001,78,111
5.300000000000001,79,102
5.300000000000001,80,93
5.300000000000001,81,83
5.300000000000001,82,74
5.300000000000001,83,65
5.300000000000001,84,56
5.300000000000001,85,47
5.300000000000001,86,37
5.300000000000001,87,28
5.300000000000001,88,19
5.300000000000001,89,10
5.4,69,194
5.4,70,185
5.4,71,176
5.4,72,167
5.4,73,158
5.4,74,149
5.4,75,140
5.4,76,131
5.4,77,122
5.4,78,113
5.4,79,104
5.4,80,94
5.4,81,85
5.4,82,76
5.4,83,66
5.4,84,57
5.4,85,48
5.4,86,38
5.4,87,29
5.4,88,19
5.4,89,10
5.5,69,198
5.5,70,189
5.5,71,180
5.5,72,170
5.5,73,161
5.5,74,152
5.5,75,143
5.5,76,134
5.5,77,124
5.5,78,115
5.5,79,105
5.5,80,96
5.5,81,87
5.5,82,77
5.5,83,68
5.5,84,58
5.5,85,48
5.5,86,39
5.5,87,29
5.5,88,20
5.5,89,10
5.6000000000000005,70,192
5.6000000000000005,71,183
5.6000000000000005,72,174
5.6000000000000005,73,164
5.6000000000000005,74,155
5.6000000000000005,75,145
5.6000000000000005,76,136
5.6000000000000005,77,126
5.6000000000000005,78,117
5.6000000000000005,79,107
5.6000000000000005,80,98
5.6000000000000005,81,88
5.6000000000000005,82,78
5.6000000000000005,83,69
5.6000000000000005,84,59
5.6000000000000005,85,49
5.6000000000000005,86,40
5.6000000000000005,87,30
5.6000000000000005,88,20
5.6000000000000005,89,10
5.7,70,195
5.7,71,186
5.7,72,177
5.7,73,167
5.7,74,158
5.7,75,148
5.7,76,138
5.7,77,129
5.7,78,119
5.7,79,109
5.7,80,99
5.7,81,90
5.7,82,80
5.7,83,70
5.7,84,60
5.7,85,50
5.7,86,40
5.7,87,30
5.7,88,20
5.7,89,10
5.800000000000001,70,199
5.800000000000001,71,189
5.800000000000001,72,180
5.800000000000001,73,170
5.800000000000001,74,160
5.800000000000001,75,151
5.800000000000001,76,141
5.800000000000001,77,131
5.800000000000001,78,121
5.800000000000001,79,111
5.800000000000001,80,101
5.800000000000001,81,91
5.800000000000001,82,81
5.800000000000001,83,71
5.800000000000001,84,61
5.800000000000001,85,51
5.800000000000001,86,41
5.800000000000001,87,31
5.800000000000001,88,21
5.800000000000001,89,11
5.9,71,193
5.9,72,183
5.9,73,173
5.9,74,163
5.9,75,153
5.9,76,143
5.9,77,133
5.9,78,123
5.9,79,113
5.9,80,103
5.9,81,93
5.9,82,83
5.9,83,72
5.9,84,62
5.9,85,52
5.9,86,42
5.9,87,31
5.9,88,21
5.9,89,11
6.0,71,196
6.0,72,186
6.0,73,176
6.0,74,166
6.0,75,156
6.0,76,146
6.0,77,135
6.0,78,125
6.0,79,115
6.0,80,105
6.0,81,94
6.0,82,84
6.0,83,74
6.0,84,63
6.0,85,53
6.0,86,42
6.0,87,32
6.0,88,21
6.0,89,11
6.1000000000000005,71,199
6.1000000000000005,72,189
6.1000000000000005,73,179
6.1000000000000005,74,169
6.1000000000000005,75,158
6.1000000000000005,76,148
6.1000000000000005,77,138
6.1000000000000005,78,127
6.1000000000000005,79,117
6.1000000000000005,80,106
6.1000000000000005,81,96
6.1000000000000005,82,85
6.1000000000000005,83,75
6.1000000000000005,84,64
6.1000000000000005,85,54
6.1000000000000005,86,43
6.1000000000000005,87,32
6.1000000000000005,88,22
6.1000000000000005,89,11
6.2,72,192
6.2,73,182
6.2,74,171
6.2,75,161
6.2,76,150
6.2,77,140
6.2,78,129
6.2,79,119
6.2,80,108
6.2,81,97
6.2,82,87
6.2,83,76
6.2,84,65
6.2,85,55
6.2,86,44
6.2,87,33
6.2,88,22
6.2,89,11
6.300000000000001,72,195
6.300000000000001,73,185
6.300000000000001,74,174
6.300000000000001,75,164
6.300000000000001,76,153
6.300000000000001,77,142
6.300000000000001,78,131
6.300000000000001,79,121
6.300000000000001,80,110
6.300000000000001,81,99
6.300000000000001,82,88
6.300000000000001,83,77
6.300000000000001,84,66
6.300000000000001,85,55
6.300000000000001,86,44
6.300000000000001,87,33
6.300000000000001,88,22
6.300000000000001,89,11
6.4,72,198
6.4,73,188
6.4,74,177
6.4,75,166
6.4,76,155
6.4,77,144
6.4,78,134
6.4,79,123
6.4,80,112
6.4,81,101
6.4,82,90
6.4,83,78
6.4,84,67
6.4,85,56
6.4,86,45
6.4,87,34
6.4,88,23
6.4,89,12
6.5,73,191
6.5,74,180
6.5,75,169
6.5,76,158
6.5,77,147
6.5,78,136
6.5,79,125
6.5,80,113
6.5,81,102
6.5,82,91
6.5,83,80
6.5,84,68
6.5,85,57
6.5,86,46
6.5,87,35
6.5,88,23
6.5,89,12
6.6000000000000005,73,193
6.6000000000000005,74,182
6.6000000000000005,75,171
6.6000000000000005,76,160
6.6000000000000005,77,149
6.6000000000000005,78,138
6.6000000000000005,79,126
6.6000000000000005,80,115
6.6000000000000005,81,104
6.6000000000000005,82,92
6.6000000000000005,83,81
6.6000000000000005,84,69
6.6000000000000005,85,58
6.6000000000000005,86,47
6.6000000000000005,87,35
6.6000000000000005,88,24
6.6000000000000005,89,12
6.7,73,196
6.7,74,185
6.7,75,174
6.7,76,163
6.7,77,151
6.7,78,140
6.7,79,128
6.7,80,117
6.7,81,105
6.7,82,94
6.7,83,82
6.7,84,71
6.7,85,59
6.7,86,47
6.7,87,36
6.7,88,24
6.7,89,12
6.800000000000001,73,199
6.800000000000001,74,188
6.800000000000001,75,176
6.800000000000001,76,165
6.800000000000001,77,153
6.800000000000001,78,142
6.800000000000001,79,130
6.800000000000001,80,119
6.800000000000001,81,107
6.800000000000001,82,95
6.800000000000001,83,83
6.800000000000001,84,72
6.800000000000001,85,60
6.800000000000001,86,48
6.800000000000001,87,36
6.800000000000001,88,24
6.800000000000001,89,12
6.9,74,191
6.9,75,179
6.9,76,167
6.9,77,156
6.9,78,144
6.9,79,132
6.9,80,120
6.9,81,108
6.9,82,97
6.9,83,85
6.9,84,73
6.9,85,61
6.9,86,49
6.9,87,37
6.9,88,25
6.9,89,13
7.0,74,193
7.0,75,182
7.0,76,170
7.0,77,158
7.0,78,146
7.0,79,134
7.0,80,122
7.0,81,110
7.0,82,98
7.0,83,86
7.0,84,74
7.0,85,62
7.0,86,49
7.0,87,37
7.0,88,25
7.0,89,13
7.1000000000000005,74,196
7.1000000000000005,75,184
7.1000000000000005,76,172
7.1000000000000005,77,160
7.1000000000000005,78,148
7.1000000000000005,79,136
7.1000000000000005,80,124
7.1000000000000005,81,112
7.1000000000000005,82,99
7.1000000000000005,83,87
7.1000000000000005,84,75
7.1000000000000005,85,62
7.1000000000000005,86,50
7.1000000000000005,87,38
7.1000000000000005,88,25
7.1000000000000005,89,13
7.2,74,199
7.2,75,187
7.2,76,175
7.2,77,162
7.2,78,150
7.2,79,138
7.2,80,126
7.2,81,113
7.2,82,101
7.2,83,88
7.2,84,76
7.2,85,63
7.2,86,51
7.2,87,38
7.2,88,26
7.2,89,13
7.300000000000001,75,189
7.300000000000001,76,177
7.300000000000001,77,165
7.300000000000001,78,152
7.300000000000001,79,140
7.300000000000001,80,127
7.300000000000001,81,115
7.300000000000001,82,102
7.300000000000001,83,89
7.300000000000001,84,77
7.300000000000001,85,64
7.300000000000001,86,51
7.300000000000001,87,39
7.300000000000001,88,26
7.300000000000001,89,13
7.4,75,192
7.4,76,180
7.4,77,167
7.4,78,154
7.4,79,142
7.4,80,129
7.4,81,116
7.4,82,103
7.4,83,91
7.4,84,78
7.4,85,65
7.4,86,52
7.4,87,39
7.4,88,26
7.4,89,13
7.5,75,195
7.5,76,182
7.5,77,169
7.5,78,156
7.5,79,144
7.5,80,131
7.5,81,118
7.5,82,105
7.5,83,92
7.5,84,79
7.5,85,66
7.5,86,53
7.5,87,40
7.5,88,27
7.5,89,14
7.6000000000000005,75,197
7.6000000000000005,76,184
7.6000000000000005,77,171
7.6000000000000005,78,159
7.6000000000000005,79,146
7.6000000000000005,80,132
7.6000000000000005,81,119
7.6000000000000005,82,106
7.6000000000000005,83,93
7.6000000000000005,84,80
7.6000000000000005,85,67
7.6000000000000005,86,54
7.6000000000000005,87,40
7.6000000000000005,88,27
7.6000000000000005,89,14
7.7,76,187
7.7,77,174
7.7,78,161
7.7,79,147
7.7,80,134
7.7,81,121
7.7,82,108
7.7,83,94
7.7,84,81
7.7,85,68
7.7,86,54
7.7,87,41
7.7,88,27
7.7,89,14
7.800000000000001,76,189
7.800000000000001,77,176
7.800000000000001,78,163
7.800000000000001,79,149
7.800000000000001,80,136
7.800000000000001,81,123
7.800000000000001,82,109
7.800000000000001,83,96
7.800000000000001,84,82
7.800000000000001,85,68
7.800000000000001,86,55
7.800000000000001,87,41
7.800000000000001,88,28
7.800000000000001,89,14
7.9,76,192
7.9,77,178
7.9,78,165
7.9,79,151
7.9,80,138
7.9,81,124
7.9,82,110
7.9,83,97
7.9,84,83
7.9,85,69
7.9,86,56
7.9,87,42
7.9,88,28
7.9,89,14
8.0,76,194
8.0,77,180
8.0,78,167
8.0,79,153
8.0,80,139
8.0,81,126
8.0,82,112
8.0,83,98
8.0,84,84
8.0,85,70
8.0,86,56
8.0,87,42
8.0,88,28
8.0,89,14
8.1,76,196
8.1,77,183
8.1,78,169
8.1,79,155
8.1,80,141
8.1,81,127
8.1,82,113
8.1,83,99
8.1,84,85
8.1,85,71
8.1,86,57
8.1,87,43
8.1,88,29
8.1,89,15
8.200000000000001,76,199
8.200000000000001,77,185
8.200000000000001,78,171
8.200000000000001,79,157
8.200000000000001,80,143
8.200000000000001,81,129
8.200000000000001,82,115
8.200000000000001,83,100
8.200000000000001,84,86
8.200000000000001,85,72
8.200000000000001,86,58
8.200000000000001,87,43
8.200000000000001,88,29
8.200000000000001,89,15
8.3,77,187
8.3,78,173
8.3,79,159
8.3,80,145
8.3,81,130
8.3,82,116
8.3,83,102
8.3,84,87
8.3,85,73
8.3,86,58
8.3,87,44
8.3,88,29
8.3,89,15
8.4,77,189
8.4,78,175
8.4,79,161
8.4,80,146
8.4,81,132
8.4,82,117
8.4,83,103
8.4,84,88
8.4,85,74
8.4,86,59
8.4,87,44
8.4,88,30
8.4,89,15
8.5,77,192
8.5,78,177
8.5,79,163
8.5,80,148
8.5,81,133
8.5,82,119
8.5,83,104
8.5,84,89
8.5,85,75
8.5,86,60
8.5,87,45
8.5,88,30
8.5,89,15
8.6,77,194
8.6,78,179
8.6,79,165
8.6,80,150
8.6,81,135
8.6,82,120
8.6,83,105
8.6,84,90
8.6,85,75
8.6,86,60
8.6,87,46
8.6,88,31
8.6,89,16
8.700000000000001,77,196
8.700000000000001,78,181
8.700000000000001,79,167
8.700000000000001,80,152
8.700000000000001,81,137
8.700000000000001,82,122
8.700000000000001,83,107
8.700000000000001,84,91
8.700000000000001,85,76
8.700000000000001,86,61
8.700000000000001,87,46
8.700000000000001,88,31
8.700000000000001,89,16
8.8,77,198
8.8,78,183
8.8,79,168
8.8,80,153
8.8,81,138
8.8,82,123
8.8,83,108
8.8,84,92
8.8,85,77
8.8,86,62
8.8,87,47
8.8,88,31
8.8,89,16
8.9,78,186
8.9,79,170
8.9,80,155
8.9,81,140
8.9,82,124
8.9,83,109
8.9,84,94
8.9,85,78
8.9,86,63
8.9,87,47
8.9,88,32
8.9,89,16
9.0,78,188
9.0,79,172
9.0,80,157
9.0,81,141
9.0,82,126
9.0,83,110
9.0,84,95
9.0,85,79
9.0,86,63
9.0,87,48
9.0,88,32
9.0,89,16
9.1,78,190
9.1,79,174
9.1,80,159
9.1,81,143
9.1,82,127
9.1,83,111
9.1,84,96
9.1,85,80
9.1,86,64
9.1,87,48
9.1,88,32
9.1,89,16
9.200000000000001,78,192
9.200000000000001,79,176
9.200000000000001,80,160
9.200000000000001,81,144
9.200000000000001,82,129
9.200000000000001,83,113
9.200000000000001,84,97
9.200000000000001,85,81
9.200000000000001,86,65
9.200000000000001,87,49
9.200000000000001,88,33
9.200000000000001,89,17
9.3,78,194
9.3,79,178
9.3,80,162
9.3,81,146
9.3,82,130
9.3,83,114
9.3,84,98
9.3,85,82
9.3,86,65
9.3,87,49
9.3,88,33
9.3,89,17
9.4,78,196
9.4,79,180
9.4,80,164
9.4,81,148
9.4,82,131
9.4,83,115
9.4,84,99
9.4,85,82
9.4,86,66
9.4,87,50
9.4,88,33
9.4,89,17
9.5,78,198
9.5,79,182
9.5,80,165
9.5,81,149
9.5,82,133
9.5,83,116
9.5,84,100
9.5,85,83
9.5,86,67
9.5,87,50
9.5,88,34
9.5,89,17
9.600000000000001,79,184
9.600000000000001,80,167
9.600000000000001,81,151
9.600000000000001,82,134
9.600000000000001,83,117
9.600000000000001,84,101
9.600000000000001,85,84
9.600000000000001,86,67
9.600000000000001,87,51
9.600000000000001,88,34
9.600000000000001,89,17
9.700000000000001,79,186
9.700000000000001,80,169
9.700000000000001,81,152
9.700000000000001,82,135
9.700000000000001,83,119
9.700000000000001,84,102
9.700000000000001,85,85
9.700000000000001,86,68
9.700000000000001,87,51
9.700000000000001,88,34
9.700000000000001,89,17
9.8,79,187
9.8,80,171
9.8,81,154
9.8,82,137
9.8,83,120
9.8,84,103
9.8,85,86
9.8,86,69
9.8,87,52
9.8,88,35
9.8,89,18
9.9,79,189
9.9,80,172
9.9,81,155
9.9,82,138
9.9,83,121
9.9,84,104
9.9,85,87
9.9,86,70
9.9,87,52
9.9,88,35
9.9,89,18
10.0,79,191
10.0,80,174
10.0,81,157
10.0,82,140
10.0,83,122
10.0,84,105
10.0,85,88
10.0,86,70
10.0,87,53
10.0,88,35
10.0,89,18
10.100000000000001,79,193
10.100000000000001,80,176
10.100000000000001,81,158
10.100000000000001,82,141
10.100000000000001,83,124
10.100000000000001,84,106
10.100000000000001,85,89
10.100000000000001,86,71
10.100000000000001,87,53
10.100000000000001,88,36
10.100000000000001,89,18
10.200000000000001,79,195
10.200000000000001,80,178
10.200000000000001,81,160
10.200000000000001,82,142
10.200000000000001,83,125
10.200000000000001,84,107
10.200000000000001,85,89
10.200000000000001,86,72
10.200000000000001,87,54
10.200000000000001,88,36
10.200000000000001,89,18
10.3,79,197
10.3,80,179
10.3,81,162
10.3,82,144
10.3,83,126
10.3,84,108
10.3,85,90
10.3,86,72
10.3,87,54
10.3,88,36
10.3,89,18
10.4,79,199
10.4,80,181
10.4,81,163
10.4,82,145
10.4,83,127
10.4,84,109
10.4,85,91
10.4,86,73
10.4,87,55
10.4,88,37
10.4,89,19
10.5,80,183
10.5,81,165
10.5,82,147
10.5,83,128
10.5,84,110
10.5,85,92
10.5,86,74
10.5,87,55
10.5,88,37
10.5,89,19
10.600000000000001,80,185
10.600000000000001,81,166
10.600000000000001,82,148
10.600000000000001,83,130
10.600000000000001,84,111
10.600000000000001,85,93
10.600000000000001,86,74
10.600000000000001,87,56
10.600000000000001,88,37
10.600000000000001,89,19
10.700000000000001,80,186
10.700000000000001,81,168
10.700000000000001,82,149
10.700000000000001,83,131
10.700000000000001,84,112
10.700000000000001,85,94
10.700000000000001,86,75
10.700000000000001,87,56
10.700000000000001,88,38
10.700000000000001,89,19
10.8,80,188
10.8,81,169
10.8,82,151
10.8,83,132
10.8,84,113
10.8,85,95
10.8,86,76
10.8,87,57
10.8,88,38
10.8,89,19
10.9,80,190
10.9,81,171
10.9,82,152
10.9,83,133
10.9,84,114
10.9,85,95
10.9,86,77
10.9,87,58
10.9,88,39
10.9,89,20
11.0,80,192
11.0,81,173
11.0,82,154
11.0,83,135
11.0,84,115
11.0,85,96
11.0,86,77
11.0,87,58
11.0,88,39
11.0,89,20
11.100000000000001,80,193
11.100000000000001,81,174
11.100000000000001,82,155
11.100000000000001,83,136
11.100000000000001,84,117
11.100000000000001,85,97
11.100000000000001,86,78
11.100000000000001,87,59
11.100000000000001,88,39
11.100000000000001,89,20
11.200000000000001,80,195
11.200000000000001,81,176
11.200000000000001,82,156
11.200000000000001,83,137
11.200000000000001,84,118
11.200000000000001,85,98
11.200000000000001,86,79
11.200000000000001,87,59
11.200000000000001,88,40
11.200000000000001,89,20
11.3,80,197
11.3,81,177
11.3,82,158
11.3,83,138
11.3,84,119
11.3,85,99
11.3,86,79
11.3,87,60
11.3,88,40
11.3,89,20
11.4,80,198
11.4,81,179
11.4,82,159
11.4,83,139
11.4,84,120
11.4,85,100
11.4,86,80
11.4,87,60
11.4,88,40
11.4,89,20
11.5,81,180
11.5,82,161
11.5,83,141
11.5,84,121
11.5,85,101
11.5,86,81
11.5,87,61
11.5,88,41
11.5,89,21
11.600000000000001,81,182
11.600000000000001,82,162
11.600000000000001,83,142
11.600000000000001,84,122
11.600000000000001,85,102
11.600000000000001,86,81
11.600000000000001,87,61
11.600000000000001,88,41
11.600000000000001,89,21
11.700000000000001,81,184
11.700000000000001,82,163
11.700000000000001,83,143
11.700000000000001,84,123
11.700000000000001,85,102
11.700000000000001,86,82
11.700000000000001,87,62
11.700000000000001,88,41
11.700000000000001,89,21
11.8,81,185
11.8,82,165
11.8,83,144
11.8,84,124
11.8,85,103
11.8,86,83
11.8,87,62
11.8,88,42
11.8,89,21
11.9,81,187
11.9,82,166
11.9,83,146
11.9,84,125
11.9,85,104
11.9,86,84
11.9,87,63
11.9,88,42
11.9,89,21
12.0,81,188
12.0,82,168
12.0,83,147
12.0,84,126
12.0,85,105
12.0,86,84
12.0,87,63
12.0,88,42
12.0,89,21
12.100000000000001,81,190
12.100000000000001,82,169
12.100000000000001,83,148
12.100000000000001,84,127
12.100000000000001,85,106
12.100000000000001,86,85
12.100000000000001,87,64
12.100000000000001,88,43
12.100000000000001,89,22
12.200000000000001,81,191
12.200000000000001,82,170
12.200000000000001,83,149
12.200000000000001,84,128
12.200000000000001,85,107
12.200000000000001,86,86
12.200000000000001,87,64
12.200000000000001,88,43
12.200000000000001,89,22
12.3,81,193
12.3,82,172
12.3,83,150
12.3,84,129
12.3,85,108
12.3,86,86
12.3,87,65
12.3,88,43
12.3,89,22
12.4,81,194
12.4,82,173
12.4,83,152
12.4,84,130
12.4,85,109
12.4,86,87
12.4,87,65
12.4,88,44
12.4,89,22
12.5,81,196
12.5,82,174
12.5,83,153
12.5,84,131
12.5,85,109
12.5,86,88
12.5,87,66
12.5,88,44
12.5,89,22
12.600000000000001,81,198
12.600000000000001,82,176
12.600000000000001,83,154
12.600000000000001,84,132
12.600000000000001,85,110
12.600000000000001,86,88
12.600000000000001,87,66
12.600000000000001,88,44
12.600000000000001,89,22
12.700000000000001,81,199
12.700000000000001,82,177
12.700000000000001,83,155
12.700000000000001,84,133
12.700000000000001,85,111
12.700000000000001,86,89
12.700000000000001,87,67
12.700000000000001,88,45
12.700000000000001,89,23
12.8,82,179
12.8,83,156
12.8,84,134
12.8,85,112
12.8,86,90
12.8,87,67
12.8,88,45
12.8,89,23
12.9,82,180
12.9,83,158
12.9,84,135
12.9,85,113
12.9,86,90
12.9,87,68
12.9,88,46
12.9,89,23
13.0,82,181
13.0,83,159
13.0,84,136
13.0,85,114
13.0,86,91
13.0,87,69
13.0,88,46
13.0,89,23
13.100000000000001,82,183
13.100000000000001,83,160
13.100000000000001,84,137
13.100000000000001,85,115
13.100000000000001,86,92
13.100000000000001,87,69
13.100000000000001,88,46
13.100000000000001,89,23
13.200000000000001,82,184
13.200000000000001,83,161
13.200000000000001,84,138
13.200000000000001,85,116
13.200000000000001,86,93
13.200000000000001,87,70
13.200000000000001,88,47
13.200000000000001,89,24
13.3,82,186
13.3,83,163
13.3,84,140
13.3,85,116
13.3,86,93
13.3,87,70
13.3,88,47
13.3,89,24
13.4,82,187
13.4,83,164
13.4,84,141
13.4,85,117
13.4,86,94
13.4,87,71
13.4,88,47
13.4,89,24
13.5,82,188
13.5,83,165
13.5,84,142
13.5,85,118
13.5,86,95
13.5,87,71
13.5,88,48
13.5,89,24
13.600000000000001,82,190
13.600000000000001,83,166
13.600000000000001,84,143
13.600000000000001,85,119
13.600000000000001,86,95
13.600000000000001,87,72
13.600000000000001,88,48
13.600000000000001,89,24
13.700000000000001,82,191
13.700000000000001,83,167
13.700000000000001,84,144
13.700000000000001,85,120
13.700000000000001,86,96
13.700000000000001,87,72
13.700000000000001,88,48
13.700000000000001,89,24
13.8,82,193
13.8,83,169
13.8,84,145
13.8,85,121
13.8,86,97
13.8,87,73
13.8,88,49
13.8,89,25
13.9,82,194
13.9,83,170
13.9,84,146
13.9,85,122
13.9,86,97
13.9,87,73
13.9,88,49
13.9,89,25
14.0,82,195
14.0,83,171
14.0,84,147
14.0,85,123
14.0,86,98
14.0,87,74
14.0,88,49
14.0,89,25
14.100000000000001,82,197
14.100000000000001,83,172
14.100000000000001,84,148
14.100000000000001,85,123
14.100000000000001,86,99
14.100000000000001,87,74
14.100000000000001,88,50
14.100000000000001,89,25
14.200000000000001,82,198
14.200000000000001,83,174
14.200000000000001,84,149
14.200000000000001,85,124
14.200000000000001,86,100
14.200000000000001,87,75
14.200000000000001,88,50
14.200000000000001,89,25
14.3,83,175
14.3,84,150
14.3,85,125
14.3,86,100
14.3,87,75
14.3,88,50
14.3,89,25
14.4,83,176
14.4,84,151
14.4,85,126
14.4,86,101
14.4,87,76
14.4,88,51
14.4,89,26
14.5,83,177
14.5,84,152
14.5,85,127
14.5,86,102
14.5,87,76
14.5,88,51
14.5,89,26
14.600000000000001,83,178
14.600000000000001,84,153
14.600000000000001,85,128
14.600000000000001,86,102
14.600000000000001,87,77
14.600000000000001,88,51
14.600000000000001,89,26
14.700000000000001,83,180
14.700000000000001,84,154
14.700000000000001,85,129
14.700000000000001,86,103
14.700000000000001,87,77
14.700000000000001,88,52
14.700000000000001,89,26
14.8,83,181
14.8,84,155
14.8,85,129
14.8,86,104
14.8,87,78
14.8,88,52
14.8,89,26
14.9,83,182
14.9,84,156
14.9,85,130
14.9,86,104
14.9,87,78
14.9,88,53
14.9,89,27
15.0,83,183
15.0,84,157
15.0,85,131
15.0,86,105
15.0,87,79
15.0,88,53
15.0,89,27
15.100000000000001,83,185
15.100000000000001,84,158
15.100000000000001,85,132
15.100000000000001,86,106
15.100000000000001,87,80
15.100000000000001,88,53
15.100000000000001,89,27
15.200000000000001,83,186
15.200000000000001,84,159
15.200000000000001,85,133
15.200000000000001,86,107
15.200000000000001,87,80
15.200000000000001,88,54
15.200000000000001,89,27
15.3,83,187
15.3,84,160
15.3,85,134
15.3,86,107
15.3,87,81
15.3,88,54
15.3,89,27
15.4,83,188
15.4,84,161
15.4,85,135
15.4,86,108
15.4,87,81
15.4,88,54
15.4,89,27
15.5,83,189
15.5,84,163
15.5,85,136
15.5,86,109
15.5,87,82
15.5,88,55
15.5,89,28
15.600000000000001,83,191
15.600000000000001,84,164
15.600000000000001,85,136
15.600000000000001,86,109
15.600000000000001,87,82
15.600000000000001,88,55
15.600000000000001,89,28
15.700000000000001,83,192
15.700000000000001,84,165
15.700000000000001,85,137
15.700000000000001,86,110
15.700000000000001,87,83
15.700000000000001,88,55
15.700000000000001,89,28
15.8,83,193
15.8,84,166
15.8,85,138
15.8,86,111
15.8,87,83
15.8,88,56
15.8,89,28
15.9,83,194
15.9,84,167
15.9,85,139
15.9,86,111
15.9,87,84
15.9,88,56
15.9,89,28
16.0,83,195
16.0,84,168
16.0,85,140
16.0,86,112
16.0,87,84
16.0,88,56
16.0,89,28
16.1,83,197
16.1,84,169
16.1,85,141
16.1,86,113
16.1,87,85
16.1,88,57
16.1,89,29
16.2,83,198
16.2,84,170
16.2,85,142
16.2,86,114
16.2,87,85
16.2,88,57
16.2,89,29
16.3,83,199
16.3,84,171
16.3,85,143
16.3,86,114
16.3,87,86
16.3,88,57
16.3,89,29
16.400000000000002,84,172
16.400000000000002,85,143
16.400000000000002,86,115
16.400000000000002,87,86
16.400000000000002,88,58
16.400000000000002,89,29
16.5,84,173
16.5,85,144
16.5,86,116
16.5,87,87
16.5,88,58
16.5,89,29
16.6,84,174
16.6,85,145
16.6,86,116
16.6,87,87
16.6,88,58
16.6,89,29
16.7,84,175
16.7,85,146
16.7,86,117
16.7,87,88
16.7,88,59
16.7,89,30
16.8,84,176
16.8,85,147
16.8,86,118
16.8,87,88
16.8,88,59
16.8,89,30
16.900000000000002,84,177
16.900000000000002,85,148
16.900000000000002,86,118
16.900000000000002,87,89
16.900000000000002,88,59
16.900000000000002,89,30
17.0,84,178
17.0,85,149
17.0,86,119
17.0,87,89
17.0,88,60
17.0,89,30
17.1,84,179
17.1,85,150
17.1,86,120
17.1,87,90
17.1,88,60
17.1,89,30
17.2,84,180
17.2,85,150
17.2,86,120
17.2,87,91
17.2,88,61
17.2,89,31
17.3,84,181
17.3,85,151
17.3,86,121
17.3,87,91
17.3,88,61
17.3,89,31
17.400000000000002,84,182
17.400000000000002,85,152
17.400000000000002,86,122
17.400000000000002,87,92
17.400000000000002,88,61
17.400000000000002,89,31
17.5,84,183
17.5,85,153
17.5,86,123
17.5,87,92
17.5,88,62
17.5,89,31
17.6,84,184
17.6,85,154
17.6,86,123
17.6,87,93
17.6,88,62
17.6,89,31
17.7,84,186
17.7,85,155
17.7,86,124
17.7,87,93
17.7,88,62
17.7,89,31
17.8,84,187
17.8,85,156
17.8,86,125
17.8,87,94
17.8,88,63
17.8,89,32
17.900000000000002,84,188
17.900000000000002,85,157
17.900000000000002,86,125
17.900000000000002,87,94
17.900000000000002,88,63
17.900000000000002,89,32
18.0,84,189
18.0,85,157
18.0,86,126
18.0,87,95
18.0,88,63
18.0,89,32
18.1,84,190
18.1,85,158
18.1,86,127
18.1,87,95
18.1,88,64
18.1,89,32
18.2,84,191
18.2,85,159
18.2,86,127
18.2,87,96
18.2,88,64
18.2,89,32
18.3,84,192
18.3,85,160
18.3,86,128
18.3,87,96
18.3,88,64
18.3,89,32
18.400000000000002,84,193
18.400000000000002,85,161
18.400000000000002,86,129
18.400000000000002,87,97
18.400000000000002,88,65
18.400000000000002,89,33
18.5,84,194
18.5,85,162
18.5,86,130
18.5,87,97
18.5,88,65
18.5,89,33
18.6,84,195
18.6,85,163
18.6,86,130
18.6,87,98
18.6,88,65
18.6,89,33
18.7,84,196
18.7,85,163
18.7,86,131
18.7,87,98
18.7,88,66
18.7,89,33
18.8,84,197
18.8,85,164
18.8,86,132
18.8,87,99
18.8,88,66
18.8,89,33
18.900000000000002,84,198
18.900000000000002,85,165
18.900000000000002,86,132
18.900000000000002,87,99
18.900000000000002,88,66
18.900000000000002,89,33
19.0,84,199
19.0,85,166
19.0,86,133
19.0,87,100
19.0,88,67
19.0,89,34
19.1,85,167
19.1,86,134
19.1,87,100
19.1,88,67
19.1,89,34
19.200000000000003,85,168
19.200000000000003,86,134
19.200000000000003,87,101
19.200000000000003,88,68
19.200000000000003,89,34
19.3,85,169
19.3,86,135
19.3,87,102
19.3,88,68
19.3,89,34
19.400000000000002,85,170
19.400000000000002,86,136
19.400000000000002,87,102
19.400000000000002,88,68
19.400000000000002,89,34
19.5,85,170
19.5,86,137
19.5,87,103
19.5,88,69
19.5,89,35
19.6,85,171
19.6,86,137
19.6,87,103
19.6,88,69
19.6,89,35
19.700000000000003,85,172
19.700000000000003,86,138
19.700000000000003,87,104
19.700000000000003,88,69
19.700000000000003,89,35
19.8,85,173
19.8,86,139
19.8,87,104
19.8,88,70
19.8,89,35
19.900000000000002,85,174
19.900000000000002,86,139
19.900000000000002,87,105
19.900000000000002,88,70
19.900000000000002,89,35
20.0,85,175
20.0,86,140
20.0,87,105
20.0,88,70
20.0,89,35
20.1,85,176
20.1,86,141
20.1,87,106
20.1,88,71
20.1,89,36
20.200000000000003,85,177
20.200000000000003,86,141
20.200000000000003,87,106
20.200000000000003,88,71
20.200000000000003,89,36
20.3,85,177
20.3,86,142
20.3,87,107
20.3,88,71
20.3,89,36
20.400000000000002,85,178
20.400000000000002,86,143
20.400000000000002,87,107
20.400000000000002,88,72
20.400000000000002,89,36
20.5,85,179
20.5,86,144
20.5,87,108
20.5,88,72
20.5,89,36
20.6,85,180
20.6,86,144
20.6,87,108
20.6,88,72
20.6,89,36
20.700000000000003,85,181
20.700000000000003,86,145
20.700000000000003,87,109
20.700000000000003,88,73
20.700000000000003,89,37
20.8,85,182
20.8,86,146
20.8,87,109
20.8,88,73
20.8,89,37
20.900000000000002,85,183
20.900000000000002,86,146
20.900000000000002,87,110
20.900000000000002,88,73
20.900000000000002,89,37
21.0,85,184
21.0,86,147
21.0,87,110
21.0,88,74
21.0,89,37
21.1,85,184
21.1,86,148
21.1,87,111
21.1,88,74
21.1,89,37
21.200000000000003,85,185
21.200000000000003,86,148
21.200000000000003,87,111
21.200000000000003,88,74
21.200000000000003,89,37
21.3,85,186
21.3,86,149
21.3,87,112
21.3,88,75
21.3,89,38
21.400000000000002,85,187
21.400000000000002,86,150
21.400000000000002,87,112
21.400000000000002,88,75
21.400000000000002,89,38
21.5,85,188
21.5,86,150
21.5,87,113
21.5,88,76
21.5,89,38
21.6,85,189
21.6,86,151
21.6,87,114
21.6,88,76
21.6,89,38
21.700000000000003,85,190
21.700000000000003,86,152
21.700000000000003,87,114
21.700000000000003,88,76
21.700000000000003,89,38
21.8,85,190
21.8,86,153
21.8,87,115
21.8,88,77
21.8,89,39
21.900000000000002,85,191
21.900000000000002,86,153
21.900000000000002,87,115
21.900000000000002,88,77
21.900000000000002,89,39
22.0,85,192
22.0,86,154
22.0,87,116
22.0,88,77
22.0,89,39
22.1,85,193
22.1,86,155
22.1,87,116
22.1,88,78
22.1,89,39
22.200000000000003,85,194
22.200000000000003,86,155
22.200000000000003,87,117
22.200000000000003,88,78
22.200000000000003,89,39
22.3,85,195
22.3,86,156
22.3,87,117
22.3,88,78
22.3,89,39
22.400000000000002,85,196
22.400000000000002,86,157
22.400000000000002,87,118
22.400000000000002,88,79
22.400000000000002,89,40
22.5,85,197
22.5,86,157
22.5,87,118
22.5,88,79
22.5,89,40
22.6,85,197
22.6,86,158
22.6,87,119
22.6,88,79
22.6,89,40
22.700000000000003,85,198
22.700000000000003,86,159
22.700000000000003,87,119
22.700000000000003,88,80
22.700000000000003,89,40
22.8,85,199
22.8,86,160
22.8,87,120
22.8,88,80
22.8,89,40
22.900000000000002,86,160
22.900000000000002,87,120
22.900000000000002,88,80
22.900000000000002,89,40
23.0,86,161
23.0,87,121
23.0,88,81
23.0,89,41
23.1,86,162
23.1,87,121
23.1,88,81
23.1,89,41
23.200000000000003,86,162
23.200000000000003,87,122
23.200000000000003,88,81
23.200000000000003,89,41
23.3,86,163
23.3,87,122
23.3,88,82
23.3,89,41
23.400000000000002,86,164
23.400000000000002,87,123
23.400000000000002,88,82
23.400000000000002,89,41
23.5,86,164
23.5,87,123
23.5,88,83
23.5,89,42
23.6,86,165
23.6,87,124
23.6,88,83
23.6,89,42
23.700000000000003,86,166
23.700000000000003,87,125
23.700000000000003,88,83
23.700000000000003,89,42
23.8,86,167
23.8,87,125
23.8,88,84
23.8,89,42
23.900000000000002,86,167
23.900000000000002,87,126
23.900000000000002,88,84
23.900000000000002,89,42
24.0,86,168
24.0,87,126
24.0,88,84
24.0,89,42
24.1,86,169
24.1,87,127
24.1,88,85
24.1,89,43
24.200000000000003,86,169
24.200000000000003,87,127
24.200000000000003,88,85
24.200000000000003,89,43
24.3,86,170
24.3,87,128
24.3,88,85
24.3,89,43
24.400000000000002,86,171
24.400000000000002,87,128
24.400000000000002,88,86
24.400000000000002,89,43
24.5,86,171
24.5,87,129
24.5,88,86
24.5,89,43
24.6,86,172
24.6,87,129
24.6,88,86
24.6,89,43
24.700000000000003,86,173
24.700000000000003,87,130
24.700000000000003,88,87
24.700000000000003,89,44
24.8,86,173
24.8,87,130
24.8,88,87
24.8,89,44
24.900000000000002,86,174
24.900000000000002,87,131
24.900000000000002,88,87
24.900000000000002,89,44
25.0,86,175
25.0,87,131
25.0,88,88
25.0,89,44
25.1,86,176
25.1,87,132
25.1,88,88
25.1,89,44
25.200000000000003,86,176
25.200000000000003,87,132
25.200000000000003,88,88
25.200000000000003,89,44
25.3,86,177
25.3,87,133
25.3,88,89
25.3,89,45
25.400000000000002,86,178
25.400000000000002,87,133
25.400000000000002,88,89
25.400000000000002,89,45
25.5,86,178
25.5,87,134
25.5,88,89
25.5,89,45
25.6,86,179
25.6,87,134
25.6,88,90
25.6,89,45
25.700000000000003,86,180
25.700000000000003,87,135
25.700000000000003,88,90
25.700000000000003,89,45
25.8,86,180
25.8,87,136
25.8,88,91
25.8,89,46
25.900000000000002,86,181
25.900000000000002,87,136
25.900000000000002,88,91
25.900000000000002,89,46
26.0,86,182
26.0,87,137
26.0,88,91
26.0,89,46
26.1,86,183
26.1,87,137
26.1,88,92
26.1,89,46
26.200000000000003,86,183
26.200000000000003,87,138
26.200000000000003,88,92
26.200000000000003,89,46
26.3,86,184
26.3,87,138
26.3,88,92
26.3,89,46
26.400000000000002,86,185
26.400000000000002,87,139
26.400000000000002,88,93
26.400000000000002,89,47
26.5,86,185
26.5,87,139
26.5,88,93
26.5,89,47
26.6,86,186
26.6,87,140
26.6,88,93
26.6,89,47
26.700000000000003,86,187
26.700000000000003,87,140
26.700000000000003,88,94
26.700000000000003,89,47
26.8,86,187
26.8,87,141
26.8,88,94
26.8,89,47
26.900000000000002,86,188
26.900000000000002,87,141
26.900000000000002,88,94
26.900000000000002,89,47
27.0,86,189
27.0,87,142
27.0,88,95
27.0,89,48
27.1,86,190
27.1,87,142
27.1,88,95
27.1,89,48
27.200000000000003,86,190
27.200000000000003,87,143
27.200000000000003,88,95
27.200000000000003,89,48
27.3,86,191
27.3,87,143
27.3,88,96
27.3,89,48
27.400000000000002,86,192
27.400000000000002,87,144
27.400000000000002,88,96
27.400000000000002,89,48
27.5,86,192
27.5,87,144
27.5,88,96
27.5,89,48
27.6,86,193
27.6,87,145
27.6,88,97
27.6,89,49
27.700000000000003,86,194
27.700000000000003,87,145
27.700000000000003,88,97
27.700000000000003,89,49
27.8,86,194
27.8,87,146
27.8,88,98
27.8,89,49
27.900000000000002,86,195
27.900000000000002,87,147
27.900000000000002,88,98
27.900000000000002,89,49
28.0,86,196
28.0,87,147
28.0,88,98
28.0,89,49
28.1,86,197
28.1,87,148
28.1,88,99
28.1,89,50
28.200000000000003,86,197
28.200000000000003,87,148
28.200000000000003,88,99
28.200000000000003,89,50
28.3,86,198
28.3,87,149
28.3,88,99
28.3,89,50
28.400000000000002,86,199
28.400000000000002,87,149
28.400000000000002,88,100
28.400000000000002,89,50
28.5,86,199
28.5,87,150
28.5,88,100
28.5,89,50
28.6,87,150
28.6,88,100
28.6,89,50
28.700000000000003,87,151
28.700000000000003,88,101
28.700000000000003,89,51
28.8,87,151
28.8,88,101
28.8,89,51
28.900000000000002,87,152
28.900000000000002,88,101
28.900000000000002,89,51
29.0,87,152
29.0,88,102
29.0,89,51
29.1,87,153
29.1,88,102
29.1,89,51
29.200000000000003,87,153
29.200000000000003,88,102
29.200000000000003,89,51
29.3,87,154
29.3,88,103
29.3,89,52
29.400000000000002,87,154
29.400000000000002,88,103
29.400000000000002,89,52
29.5,87,155
29.5,88,103
29.5,89,52
29.6,87,155
29.6,88,104
29.6,89,52
29.700000000000003,87,156
29.700000000000003,88,104
29.700000000000003,89,52
29.8,87,156
29.8,88,105
29.8,89,53
29.900000000000002,87,157
29.900000000000002,88,105
29.900000000000002,89,53
